Credit Score,Age,Annual Income,Previous Loan Taken,Eligible,Recommended Amount,Interest Rate,Tenure (Months)
699,62,67395,No,Not Eligible,0,0.0,0
636,64,35847,Yes,Eligible,10200,8.52,12
714,37,86076,No,Eligible,30900,7.24,24
802,36,28204,No,Not Eligible,0,0.0,0
626,52,62013,No,Eligible,17300,8.86,24
626,21,12408,No,Not Eligible,0,0.0,0
807,22,35229,No,Eligible,9000,5.81,12
726,18,170519,No,Eligible,49900,8.49,48
603,21,91282,No,Eligible,31300,9.11,36
704,29,123165,Yes,Eligible,45600,7.9,36
603,77,32846,No,Not Eligible,0,0.0,0
603,44,52170,No,Eligible,18200,9.82,12
674,73,105788,No,Eligible,38800,7.9,24
458,59,71672,Yes,Eligible,18000,11.94,24
477,40,66512,No,Eligible,19900,11.99,24
593,42,130398,Yes,Eligible,45400,9.42,36
548,38,26258,No,Not Eligible,0,0.0,0
681,78,43890,No,Eligible,12200,8.73,12
559,80,17112,Yes,Not Eligible,0,0.0,0
508,75,25410,No,Not Eligible,0,0.0,0
796,69,93387,Yes,Eligible,33000,6.09,24
627,41,28270,No,Not Eligible,0,0.0,0
656,42,76215,Yes,Eligible,34600,9.2,24
507,62,132599,No,Not Eligible,0,0.0,0
595,72,44056,Yes,Eligible,17200,9.34,12
661,63,66964,Yes,Eligible,23900,9.17,24
534,49,76572,No,Not Eligible,0,0.0,0
687,72,23555,Yes,Eligible,3600,7.89,24
589,49,33864,No,Not Eligible,0,0.0,0
620,22,26844,Yes,Not Eligible,0,0.0,0
589,53,35524,No,Not Eligible,0,0.0,0
835,63,75332,No,Eligible,29500,5.77,24
648,59,34299,No,Eligible,13200,8.57,24
544,66,47997,No,Eligible,9600,10.87,24
732,59,26226,No,Not Eligible,0,0.0,0
527,75,102319,Yes,Eligible,30500,11.41,24
670,56,35345,Yes,Not Eligible,0,0.0,0
454,33,122245,No,Not Eligible,0,0.0,0
517,50,50846,No,Eligible,9000,10.31,12
669,66,21074,No,Not Eligible,0,0.0,0
723,38,44239,Yes,Eligible,23900,7.4,24
667,78,25908,Yes,Not Eligible,0,0.0,0
638,26,69815,Yes,Not Eligible,0,0.0,0
619,23,41905,No,Not Eligible,0,0.0,0
502,68,54064,No,Eligible,17400,11.61,24
578,62,39276,Yes,Eligible,12800,10.0,12
603,52,35129,No,Not Eligible,0,0.0,0
755,56,27332,No,Eligible,4100,7.31,12
684,39,80961,No,Eligible,19800,8.0,24
473,58,44183,Yes,Not Eligible,0,0.0,0
682,71,40586,No,Eligible,18800,7.81,12
611,22,43524,No,Eligible,15900,8.23,24
582,59,32620,No,Eligible,19600,9.78,36
711,40,40667,No,Eligible,12000,8.23,24
753,34,55457,Yes,Eligible,18600,7.16,12
743,29,26357,Yes,Eligible,10000,6.99,12
566,40,28749,No,Not Eligible,0,0.0,0
619,33,112080,Yes,Not Eligible,0,0.0,0
683,20,39432,No,Eligible,10100,9.1,24
747,47,35209,No,Eligible,5700,7.62,24
602,74,21887,No,Eligible,1000,9.43,12
631,80,81667,Yes,Eligible,28500,8.24,24
539,39,26015,Yes,Not Eligible,0,0.0,0
530,26,48573,No,Not Eligible,0,0.0,0
731,46,17590,Yes,Not Eligible,0,0.0,0
785,64,80089,No,Eligible,39900,5.4,24
642,54,99321,No,Not Eligible,0,0.0,0
750,40,65559,No,Eligible,27400,6.04,24
686,30,19522,No,Not Eligible,0,0.0,0
585,49,81085,Yes,Eligible,31300,9.36,12
686,63,29839,Yes,Eligible,9500,8.22,12
803,69,24280,No,Eligible,1400,5.81,12
646,64,38945,No,Eligible,17600,10.07,24
806,65,38483,No,Eligible,13500,6.37,24
388,40,36205,No,Not Eligible,0,0.0,0
732,62,105261,No,Eligible,41600,7.4,48
658,34,163913,Yes,Eligible,59100,8.63,36
620,72,21558,Yes,Eligible,18600,9.78,24
659,57,32425,No,Eligible,12100,7.28,12
451,38,53404,Yes,Eligible,20800,11.94,36
628,19,38823,No,Eligible,10300,8.36,12
685,54,62295,No,Eligible,23800,7.06,36
797,23,84930,No,Eligible,29800,5.58,36
598,61,76850,No,Eligible,26000,9.01,24
569,35,70674,Yes,Eligible,22900,10.71,24
599,47,132648,Yes,Eligible,30600,9.61,24
741,39,18894,No,Eligible,3700,5.98,12
682,71,119141,No,Eligible,41500,8.21,36
597,50,38261,No,Eligible,1000,9.09,12
701,47,78517,No,Eligible,26600,7.74,24
659,34,26428,Yes,Eligible,13700,8.67,12
746,79,28421,No,Eligible,16700,6.52,24
579,60,72931,No,Eligible,18000,10.04,12
617,49,15409,Yes,Eligible,11600,9.44,12
610,59,88757,No,Eligible,33700,9.28,24
503,68,104399,No,Not Eligible,0,0.0,0
679,31,54538,No,Not Eligible,0,0.0,0
676,75,53372,Yes,Eligible,19100,8.09,24
650,27,29727,No,Eligible,17300,8.79,24
626,64,73472,Yes,Eligible,24800,8.94,24
508,77,60391,Yes,Eligible,23600,10.62,24
607,68,28200,No,Eligible,4800,9.33,12
615,53,38758,No,Eligible,4200,9.44,12
569,51,44551,No,Not Eligible,0,0.0,0
633,26,38728,Yes,Not Eligible,0,0.0,0
690,59,21639,Yes,Eligible,12000,7.67,24
838,45,74563,No,Eligible,41100,4.95,24
667,28,42357,Yes,Not Eligible,0,0.0,0
675,31,49474,Yes,Eligible,21800,8.72,24
642,56,34649,Yes,Eligible,15000,8.31,12
458,72,65196,No,Eligible,15300,12.17,24
647,64,55227,Yes,Eligible,21800,8.06,12
656,71,101485,No,Eligible,34100,8.91,12
850,80,65405,Yes,Eligible,28400,4.73,36
630,36,43407,Yes,Not Eligible,0,0.0,0
680,71,31450,No,Eligible,15500,8.2,12
646,32,82419,Yes,Not Eligible,0,0.0,0
533,79,41375,No,Not Eligible,0,0.0,0
764,45,44221,Yes,Not Eligible,0,0.0,0
725,41,44214,No,Eligible,25000,7.78,36
729,25,38523,Yes,Eligible,8000,7.43,12
559,60,44679,Yes,Eligible,8200,10.36,12
790,78,155705,No,Eligible,54200,7.3,24
509,26,26142,No,Not Eligible,0,0.0,0
708,64,30070,Yes,Eligible,6400,7.06,24
850,50,112487,No,Eligible,52400,5.51,36
550,79,39148,No,Eligible,8700,10.13,24
593,50,37407,No,Eligible,13400,9.32,12
659,36,91209,No,Eligible,33300,7.78,24
599,20,20907,Yes,Not Eligible,0,0.0,0
494,27,80247,No,Not Eligible,0,0.0,0
656,57,50381,Yes,Eligible,18000,8.81,24
543,64,64788,Yes,Not Eligible,0,0.0,0
697,59,64062,No,Eligible,24500,7.1,12
558,18,33631,No,Eligible,3100,10.27,12
804,46,92107,No,Eligible,33500,6.33,36
571,67,35239,No,Eligible,9600,10.88,12
617,51,62649,No,Eligible,7500,8.34,12
731,68,103015,Yes,Eligible,41700,6.77,24
526,30,112121,No,Eligible,27800,10.25,24
672,71,41761,Yes,Eligible,21400,8.41,24
780,18,64723,No,Eligible,20700,5.57,12
489,51,39509,No,Not Eligible,0,0.0,0
668,46,220196,Yes,Eligible,67200,8.91,48
675,65,78282,No,Eligible,32000,8.59,24
728,64,51556,Yes,Eligible,20600,6.86,12
526,30,59132,Yes,Eligible,23600,10.56,24
517,65,62583,No,Eligible,16400,10.83,12
702,66,63706,Yes,Eligible,21800,8.24,24
679,70,42446,No,Eligible,5900,7.26,12
675,78,38692,No,Eligible,9800,8.37,24
684,46,44751,No,Eligible,16000,7.55,24
581,56,24740,No,Eligible,9400,9.68,12
673,41,75430,No,Eligible,34400,8.59,24
679,43,30302,No,Eligible,1000,7.35,12
578,34,25952,No,Not Eligible,0,0.0,0
836,24,48600,No,Eligible,17300,5.19,12
697,30,45339,No,Eligible,15900,7.76,12
530,22,56941,Yes,Eligible,16600,10.77,12
715,43,34859,Yes,Eligible,11200,7.73,24
552,66,38734,No,Eligible,5600,10.19,12
728,20,74255,No,Eligible,19800,7.4,12
765,24,71591,No,Eligible,25000,6.71,24
567,75,69822,No,Eligible,13600,10.29,12
746,66,50030,No,Eligible,17500,7.15,24
691,56,54249,No,Eligible,17200,8.03,24
732,70,56289,No,Eligible,7800,7.1,24
839,18,33069,No,Not Eligible,0,0.0,0
625,66,118708,Yes,Eligible,38100,9.77,36
574,79,108983,No,Eligible,20400,10.87,24
561,34,78948,No,Not Eligible,0,0.0,0
568,60,37967,Yes,Not Eligible,0,0.0,0
642,42,67743,No,Eligible,15300,8.51,24
684,76,88169,Yes,Eligible,31400,7.66,24
677,78,23531,No,Eligible,3200,8.17,12
732,20,135497,No,Not Eligible,0,0.0,0
651,32,17263,No,Eligible,2100,9.42,12
795,46,74814,No,Eligible,23900,6.72,24
623,70,117238,No,Eligible,37100,9.39,24
850,60,45805,No,Eligible,10200,4.54,24
712,49,44789,Yes,Eligible,15200,8.03,36
564,43,73174,No,Not Eligible,0,0.0,0
542,77,148914,Yes,Eligible,49200,10.8,36
698,33,41413,Yes,Not Eligible,0,0.0,0
627,42,30681,Yes,Not Eligible,0,0.0,0
721,71,38014,No,Not Eligible,0,0.0,0
697,45,19312,No,Not Eligible,0,0.0,0
642,26,84006,No,Eligible,31300,9.58,24
565,73,36009,Yes,Eligible,8000,10.1,24
498,73,43260,Yes,Not Eligible,0,0.0,0
605,18,84607,No,Eligible,30000,9.96,24
735,46,39099,No,Eligible,24100,7.85,24
671,74,77300,No,Eligible,28500,8.74,24
525,39,26295,Yes,Not Eligible,0,0.0,0
667,33,87136,Yes,Eligible,23400,9.01,24
688,58,60182,No,Eligible,26300,7.97,36
561,68,46483,No,Not Eligible,0,0.0,0
665,61,53025,Yes,Eligible,15900,8.36,12
655,68,22650,Yes,Eligible,5200,8.2,24
535,71,52302,No,Not Eligible,0,0.0,0
685,58,45026,No,Not Eligible,0,0.0,0
706,24,23025,No,Not Eligible,0,0.0,0
758,31,32772,Yes,Eligible,18100,6.58,12
755,46,45363,Yes,Eligible,21700,6.35,36
512,36,34051,No,Not Eligible,0,0.0,0
556,36,11530,Yes,Not Eligible,0,0.0,0
701,19,93510,No,Eligible,32200,7.31,24
701,58,45014,No,Eligible,16200,8.4,12
701,62,12526,Yes,Not Eligible,0,0.0,0
850,32,176482,No,Eligible,75500,5.92,48
707,20,103242,No,Not Eligible,0,0.0,0
763,28,39759,No,Eligible,11000,6.34,24
745,70,29569,No,Eligible,14500,6.37,24
715,63,62437,Yes,Eligible,23500,7.17,24
618,47,55348,No,Not Eligible,0,0.0,0
725,74,67863,No,Eligible,26000,7.61,12
572,57,29620,No,Eligible,4800,9.59,12
626,35,94718,Yes,Not Eligible,0,0.0,0
601,68,36898,No,Not Eligible,0,0.0,0
658,65,73751,No,Eligible,29000,7.03,24
850,19,30389,No,Eligible,13500,5.24,24
463,49,240118,No,Eligible,57000,11.39,36
718,25,74407,No,Eligible,24300,7.0,36
488,39,276658,No,Eligible,74700,12.29,36
602,23,80544,No,Eligible,32200,9.54,24
758,29,35000,Yes,Eligible,3900,8.0,24
656,64,80630,No,Eligible,22200,8.84,36
542,74,84149,Yes,Not Eligible,0,0.0,0
578,57,61328,No,Eligible,25200,10.22,24
717,53,71555,Yes,Not Eligible,0,0.0,0
576,32,77422,No,Eligible,30900,10.24,24
671,45,27005,Yes,Eligible,5300,8.15,24
654,69,25876,No,Not Eligible,0,0.0,0
584,74,30438,No,Not Eligible,0,0.0,0
850,66,52919,Yes,Eligible,27600,5.83,24
713,62,42877,No,Not Eligible,0,0.0,0
447,35,27300,No,Not Eligible,0,0.0,0
668,19,78056,No,Eligible,27000,8.81,24
583,30,58094,No,Not Eligible,0,0.0,0
735,62,54249,Yes,Eligible,20900,6.44,12
570,71,41990,No,Eligible,19700,10.04,36
638,32,39068,Yes,Eligible,10500,9.56,24
700,37,29590,No,Eligible,9800,7.74,24
736,46,85840,No,Eligible,31900,7.79,24
529,76,32141,Yes,Not Eligible,0,0.0,0
616,59,55583,No,Not Eligible,0,0.0,0
602,46,132880,Yes,Not Eligible,0,0.0,0
584,20,40160,No,Eligible,20200,10.17,24
826,36,87240,Yes,Eligible,31500,4.67,24
690,20,68956,No,Not Eligible,0,0.0,0
523,71,59093,Yes,Not Eligible,0,0.0,0
741,31,63462,No,Eligible,32500,6.67,12
850,57,46307,No,Eligible,21700,5.29,24
753,76,50054,Yes,Eligible,14300,6.46,24
498,72,35282,No,Not Eligible,0,0.0,0
601,79,50255,No,Not Eligible,0,0.0,0
776,21,34505,No,Eligible,8800,7.03,24
579,76,89625,No,Eligible,21600,9.57,24
694,77,17681,No,Eligible,4300,7.23,12
727,69,65423,Yes,Eligible,26500,7.22,24
557,28,59991,Yes,Eligible,10700,10.56,12
644,75,56818,No,Eligible,15000,8.39,12
325,48,90644,No,Not Eligible,0,0.0,0
547,60,41287,Yes,Eligible,17400,10.44,24
624,49,57140,Yes,Not Eligible,0,0.0,0
525,44,17502,No,Not Eligible,0,0.0,0
813,47,38208,No,Not Eligible,0,0.0,0
506,60,81915,Yes,Eligible,30500,10.89,24
605,19,21949,No,Not Eligible,0,0.0,0
663,79,53951,No,Eligible,7700,8.07,12
794,66,32646,No,Eligible,12800,6.4,12
506,26,45862,Yes,Not Eligible,0,0.0,0
766,45,33839,No,Eligible,21000,5.92,12
651,48,23194,No,Not Eligible,0,0.0,0
551,77,61796,Yes,Not Eligible,0,0.0,0
696,51,47583,No,Not Eligible,0,0.0,0
669,78,70797,Yes,Eligible,20100,8.53,24
589,73,78957,Yes,Eligible,25600,9.7,24
656,32,102247,No,Not Eligible,0,0.0,0
611,65,53108,No,Eligible,1400,8.73,12
661,42,104942,Yes,Eligible,28800,7.99,24
716,53,27297,No,Not Eligible,0,0.0,0
808,25,84573,No,Eligible,25700,5.07,24
526,26,64578,No,Not Eligible,0,0.0,0
850,75,56379,No,Eligible,32800,4.43,24
454,75,64012,Yes,Not Eligible,0,0.0,0
634,54,27544,No,Eligible,6900,9.49,12
708,65,23907,No,Eligible,11600,7.66,12
678,62,136748,No,Eligible,51800,9.12,24
587,79,44301,No,Not Eligible,0,0.0,0
629,56,43923,Yes,Eligible,22500,8.97,24
600,49,25301,Yes,Eligible,9900,9.15,12
591,75,20149,No,Eligible,1000,9.81,12
734,69,46490,No,Eligible,11600,6.7,12
685,34,39936,No,Eligible,11500,7.51,12
580,52,49071,No,Eligible,17300,9.41,24
739,54,51652,Yes,Eligible,19000,6.91,24
680,36,218311,No,Eligible,66400,7.84,48
731,61,40008,No,Eligible,6000,8.49,24
712,46,126495,Yes,Eligible,45500,7.61,36
567,76,131296,No,Eligible,39600,10.24,36
593,24,77047,No,Eligible,22500,9.4,24
724,45,42570,No,Eligible,17400,8.82,24
711,26,21657,Yes,Eligible,13800,7.07,24
647,80,65301,Yes,Eligible,22800,8.45,24
661,45,90335,Yes,Eligible,25200,8.94,24
777,23,139890,No,Eligible,61800,6.43,36
590,46,27723,Yes,Not Eligible,0,0.0,0
704,75,42356,No,Eligible,14900,7.67,12
629,34,27824,No,Not Eligible,0,0.0,0
628,33,33520,No,Not Eligible,0,0.0,0
759,40,73030,No,Eligible,21800,6.99,12
732,48,32611,No,Eligible,5500,8.24,24
731,20,29894,No,Not Eligible,0,0.0,0
780,38,79078,No,Eligible,28800,6.67,24
652,43,64243,No,Eligible,26500,7.39,24
718,53,60476,No,Eligible,16300,8.33,12
618,59,33132,No,Eligible,23200,9.25,24
682,54,106490,Yes,Eligible,43000,7.62,36
636,70,49448,No,Eligible,15800,8.79,24
659,39,204457,No,Eligible,62000,8.8,48
709,79,53997,Yes,Eligible,10800,8.08,36
568,59,12088,Yes,Not Eligible,0,0.0,0
850,29,11769,Yes,Eligible,5000,5.3,12
549,59,71279,No,Eligible,19600,10.34,12
528,78,106969,Yes,Not Eligible,0,0.0,0
765,30,30629,No,Eligible,18700,6.65,12
729,28,172920,Yes,Eligible,63900,7.35,36
712,71,132959,Yes,Eligible,49100,7.35,36
712,33,55621,No,Eligible,17800,7.71,24
648,25,67756,Yes,Eligible,22100,8.26,24
560,57,83844,No,Eligible,26700,10.37,12
657,76,152359,Yes,Eligible,48600,8.19,36
582,74,73812,No,Eligible,25600,9.38,24
747,57,54872,Yes,Eligible,14600,6.52,24
635,62,73378,Yes,Eligible,19900,8.81,12
567,76,67671,No,Eligible,14800,9.88,12
617,19,85361,No,Not Eligible,0,0.0,0
691,47,19110,Yes,Eligible,5100,7.93,24
593,47,59249,No,Eligible,23300,10.18,36
567,29,64619,No,Eligible,19400,10.1,12
674,27,46924,Yes,Not Eligible,0,0.0,0
674,61,78472,Yes,Eligible,19300,9.13,24
599,28,155235,No,Eligible,45800,9.34,36
602,32,53259,No,Eligible,20600,9.37,24
673,33,74238,No,Eligible,31900,8.82,24
505,34,128509,No,Not Eligible,0,0.0,0
509,43,54010,No,Not Eligible,0,0.0,0
578,19,28765,Yes,Eligible,6600,9.83,12
628,67,70931,Yes,Eligible,21000,8.62,24
681,29,13082,Yes,Not Eligible,0,0.0,0
797,68,12344,No,Eligible,3500,5.84,12
735,43,59862,No,Eligible,15800,8.0,24
634,40,12004,No,Not Eligible,0,0.0,0
648,35,22267,No,Not Eligible,0,0.0,0
549,79,39024,No,Eligible,14400,10.18,24
648,49,31797,No,Not Eligible,0,0.0,0
621,66,44860,Yes,Eligible,16800,9.03,12
682,79,95580,No,Eligible,33200,8.72,24
567,55,56561,No,Not Eligible,0,0.0,0
701,74,29626,Yes,Eligible,6300,8.06,24
803,64,110488,No,Eligible,31800,5.9,24
639,20,20799,No,Not Eligible,0,0.0,0
690,55,56001,Yes,Eligible,10100,8.09,24
719,20,19456,Yes,Eligible,12400,8.18,24
609,47,57033,No,Eligible,21500,8.86,24
672,78,40490,No,Not Eligible,0,0.0,0
651,18,93839,No,Not Eligible,0,0.0,0
659,47,75539,Yes,Eligible,24900,8.07,24
572,62,34465,Yes,Not Eligible,0,0.0,0
652,49,30718,Yes,Not Eligible,0,0.0,0
699,45,40576,Yes,Eligible,17100,7.1,12
795,38,151046,Yes,Eligible,50100,6.56,36
745,75,129500,No,Eligible,42700,6.61,48
850,63,27420,Yes,Eligible,10700,5.18,24
573,30,79231,No,Not Eligible,0,0.0,0
737,44,17346,Yes,Eligible,9400,7.65,24
668,53,37481,Yes,Eligible,1000,7.54,12
850,24,28098,No,Eligible,9700,5.89,12
569,39,93112,No,Not Eligible,0,0.0,0
566,27,22596,No,Not Eligible,0,0.0,0
590,56,63424,No,Eligible,14900,9.91,36
437,70,49041,Yes,Not Eligible,0,0.0,0
597,32,44122,No,Not Eligible,0,0.0,0
574,32,133645,Yes,Eligible,35100,9.21,36
665,21,140901,No,Eligible,50100,8.69,36
684,49,44952,Yes,Eligible,10900,8.54,12
837,40,39832,No,Eligible,10500,5.19,12
745,72,19848,Yes,Eligible,5100,6.68,12
592,23,48895,No,Eligible,22300,9.73,24
560,41,158258,No,Eligible,49200,9.95,48
699,37,45376,No,Eligible,18600,7.76,24
517,75,75906,No,Not Eligible,0,0.0,0
833,54,21194,No,Eligible,3600,5.62,24
767,37,37764,No,Eligible,10700,7.13,24
603,29,64697,Yes,Eligible,16000,9.75,12
478,50,52235,Yes,Not Eligible,0,0.0,0
785,45,80402,No,Eligible,31700,6.68,24
638,25,34145,No,Not Eligible,0,0.0,0
773,18,17154,Yes,Eligible,13600,6.88,12
490,54,96110,Yes,Eligible,24200,11.23,24
590,80,27953,No,Eligible,11800,9.47,24
650,39,66433,Yes,Eligible,27000,8.14,36
654,23,64248,No,Eligible,8300,8.33,24
604,78,18065,Yes,Eligible,7800,9.96,24
712,38,91993,No,Eligible,30900,7.07,24
543,49,34893,Yes,Not Eligible,0,0.0,0
635,52,50667,No,Eligible,10600,8.7,12
662,32,39540,Yes,Eligible,10800,7.83,24
701,22,129774,No,Eligible,49100,7.46,24
721,77,109764,No,Eligible,37800,8.4,24
537,73,16524,Yes,Not Eligible,0,0.0,0
496,63,190098,No,Eligible,49700,11.75,36
777,67,32630,No,Eligible,17600,6.29,12
683,65,173071,Yes,Eligible,61300,8.22,48
575,23,42035,No,Not Eligible,0,0.0,0
805,42,39952,Yes,Eligible,9600,6.4,12
661,73,42260,No,Eligible,14500,8.65,24
767,63,38542,Yes,Eligible,28100,6.74,24
656,76,222935,Yes,Eligible,77400,8.58,48
850,73,46825,Yes,Eligible,15000,5.63,24
825,57,40889,No,Eligible,25200,5.73,36
625,80,51339,No,Eligible,12400,9.28,24
747,46,27435,No,Eligible,13500,7.2,24
714,24,127806,Yes,Eligible,44500,6.59,36
786,57,20279,Yes,Eligible,8500,6.26,24
553,30,33914,No,Eligible,10900,10.37,24
718,55,85990,No,Eligible,29000,7.98,24
755,35,50282,Yes,Eligible,16400,6.38,24
474,19,68154,No,Not Eligible,0,0.0,0
531,25,122994,Yes,Eligible,29300,11.76,24
446,28,89525,No,Eligible,24300,12.33,24
623,50,53235,No,Eligible,13400,8.46,12
721,71,171717,No,Eligible,56000,8.43,36
800,78,33624,No,Not Eligible,0,0.0,0
657,55,46157,Yes,Eligible,27600,7.99,36
812,65,48133,No,Not Eligible,0,0.0,0
511,44,46099,No,Not Eligible,0,0.0,0
479,37,25808,Yes,Not Eligible,0,0.0,0
644,29,18954,No,Eligible,1000,9.63,12
688,60,62964,No,Eligible,19700,7.95,24
646,78,33520,No,Eligible,10900,8.22,12
443,48,153996,Yes,Not Eligible,0,0.0,0
641,44,46932,No,Not Eligible,0,0.0,0
519,49,42154,No,Eligible,22500,11.01,24
716,78,94523,Yes,Eligible,34400,8.09,24
686,27,62399,No,Eligible,13400,7.32,24
556,20,44120,No,Not Eligible,0,0.0,0
598,62,33374,No,Eligible,5700,9.43,12
544,44,300000,Yes,Eligible,81700,10.75,60
643,52,60905,No,Eligible,14400,8.54,12
745,48,93963,No,Eligible,32700,6.65,36
551,32,26535,No,Eligible,18200,11.02,12
700,33,34655,No,Eligible,12400,7.96,24
596,78,174103,Yes,Eligible,57000,9.13,36
570,30,113341,Yes,Eligible,38400,9.84,24
639,66,64509,No,Eligible,20100,9.09,24
546,52,38989,Yes,Eligible,5400,9.9,12
594,69,42598,No,Not Eligible,0,0.0,0
530,28,32673,Yes,Eligible,7300,10.65,24
846,76,24486,No,Eligible,15400,5.25,24
653,38,85332,Yes,Eligible,32600,8.64,24
580,68,67730,No,Not Eligible,0,0.0,0
671,71,76240,Yes,Eligible,27400,7.94,12
638,28,40049,Yes,Not Eligible,0,0.0,0
627,47,57147,Yes,Eligible,15800,10.24,24
711,80,37826,No,Eligible,9500,6.65,12
725,77,31685,Yes,Eligible,3800,7.79,12
596,65,133283,Yes,Eligible,49900,9.77,48
592,70,52728,Yes,Eligible,16900,10.73,24
622,52,66467,No,Eligible,18800,8.87,24
419,39,80939,Yes,Not Eligible,0,0.0,0
498,55,53126,Yes,Not Eligible,0,0.0,0
786,48,56634,Yes,Eligible,35000,6.8,24
814,31,25540,No,Eligible,8600,6.81,12
625,41,28633,No,Not Eligible,0,0.0,0
707,67,27758,No,Not Eligible,0,0.0,0
681,66,70493,No,Eligible,32100,8.78,24
850,49,51150,No,Eligible,20700,5.28,12
761,53,28634,Yes,Eligible,5600,6.81,24
637,49,69428,No,Eligible,18600,9.66,24
554,72,67919,No,Eligible,25700,9.81,24
489,32,32306,No,Not Eligible,0,0.0,0
670,60,48209,No,Eligible,15200,8.57,12
574,75,68069,No,Eligible,19200,9.65,24
507,52,29289,No,Not Eligible,0,0.0,0
585,20,68853,No,Not Eligible,0,0.0,0
541,33,58724,Yes,Not Eligible,0,0.0,0
818,22,26916,Yes,Eligible,4300,4.99,12
738,38,55931,Yes,Eligible,29100,7.24,36
649,78,61046,Yes,Eligible,20000,9.27,24
797,27,33671,No,Eligible,12400,6.05,12
657,36,35299,Yes,Not Eligible,0,0.0,0
563,42,26767,Yes,Eligible,2900,9.96,12
802,21,37443,No,Eligible,18000,6.0,24
703,78,48666,No,Eligible,14900,6.88,24
546,46,35358,No,Not Eligible,0,0.0,0
630,80,20111,Yes,Eligible,1000,9.18,12
562,36,32430,Yes,Eligible,11800,9.59,24
511,60,38163,No,Not Eligible,0,0.0,0
742,19,80025,No,Not Eligible,0,0.0,0
840,27,70042,Yes,Eligible,31600,4.84,36
510,78,80961,No,Eligible,21600,11.51,12
706,60,31463,No,Eligible,13200,7.13,24
584,42,53366,No,Eligible,22500,9.41,24
601,37,11454,No,Not Eligible,0,0.0,0
590,65,63408,Yes,Eligible,13900,9.22,12
563,36,70723,No,Not Eligible,0,0.0,0
654,40,39696,No,Eligible,15300,8.61,12
566,41,58527,Yes,Eligible,21300,10.54,12
677,28,19752,No,Not Eligible,0,0.0,0
644,63,30313,Yes,Eligible,10800,8.55,12
626,51,77595,No,Not Eligible,0,0.0,0
559,72,66619,Yes,Eligible,21200,10.32,24
592,45,38287,No,Eligible,5800,9.7,24
725,22,79763,Yes,Eligible,21200,7.39,36
700,80,53262,No,Eligible,7100,7.77,12
552,76,36223,No,Eligible,11000,10.19,24
659,22,43927,No,Eligible,7600,8.27,12
725,68,37300,No,Not Eligible,0,0.0,0
483,38,24094,No,Eligible,9600,11.93,12
704,29,104194,No,Not Eligible,0,0.0,0
583,67,34863,Yes,Eligible,16200,9.46,12
707,21,29749,Yes,Not Eligible,0,0.0,0
573,71,19582,Yes,Eligible,11900,10.29,24
469,66,10081,Yes,Not Eligible,0,0.0,0
487,59,74674,No,Eligible,23500,12.14,12
654,37,78918,Yes,Not Eligible,0,0.0,0
675,55,100290,No,Eligible,41500,7.24,36
559,42,44827,No,Not Eligible,0,0.0,0
713,31,40408,No,Eligible,13000,7.13,24
483,28,36147,No,Not Eligible,0,0.0,0
643,49,38179,No,Not Eligible,0,0.0,0
528,28,95977,Yes,Eligible,29600,11.13,24
584,78,48247,Yes,Not Eligible,0,0.0,0
654,35,61503,No,Not Eligible,0,0.0,0
563,44,37601,No,Not Eligible,0,0.0,0
611,72,108283,No,Eligible,29500,9.4,24
750,71,15633,No,Eligible,3400,5.97,12
592,35,23568,No,Not Eligible,0,0.0,0
733,73,61563,No,Eligible,18700,7.83,24
537,40,140135,Yes,Eligible,35900,10.77,36
702,28,42827,No,Eligible,13700,8.78,24
794,38,29571,No,Eligible,8200,5.83,12
402,61,89357,Yes,Not Eligible,0,0.0,0
570,22,59529,Yes,Not Eligible,0,0.0,0
707,40,106311,No,Not Eligible,0,0.0,0
629,58,22601,Yes,Eligible,2500,8.66,12
687,76,101417,Yes,Not Eligible,0,0.0,0
589,80,19359,No,Eligible,10300,9.04,24
658,42,41237,Yes,Eligible,16800,8.22,24
634,58,62797,No,Not Eligible,0,0.0,0
766,71,54808,Yes,Eligible,24500,5.4,24
675,27,92628,No,Eligible,34300,8.13,24
683,39,16383,No,Not Eligible,0,0.0,0
608,36,53348,No,Eligible,22000,9.62,24
601,18,100688,Yes,Eligible,27500,9.2,12
606,24,50796,No,Not Eligible,0,0.0,0
689,21,24700,No,Not Eligible,0,0.0,0
607,18,89724,No,Eligible,36600,9.16,24
678,32,33223,No,Not Eligible,0,0.0,0
850,57,29893,No,Eligible,14900,4.73,12
737,29,27720,No,Not Eligible,0,0.0,0
617,39,43511,Yes,Eligible,22500,9.83,24
770,39,54711,Yes,Eligible,22000,6.81,12
609,67,22891,No,Eligible,1000,8.44,12
446,64,25895,Yes,Eligible,4100,12.18,24
549,34,32315,No,Eligible,25000,10.99,36
462,46,27639,No,Not Eligible,0,0.0,0
614,63,50113,No,Not Eligible,0,0.0,0
651,31,60884,Yes,Not Eligible,0,0.0,0
817,67,56068,Yes,Eligible,17700,5.66,24
682,37,56117,No,Not Eligible,0,0.0,0
628,67,133598,No,Eligible,29900,9.0,36
732,65,63209,No,Eligible,18600,7.07,12
428,50,78462,Yes,Eligible,10500,12.19,24
673,72,38224,Yes,Eligible,18000,7.71,24
727,76,86370,Yes,Eligible,32000,6.69,36
502,60,37145,No,Not Eligible,0,0.0,0
764,32,62747,Yes,Eligible,15100,6.86,24
683,29,21529,Yes,Not Eligible,0,0.0,0
608,57,54162,Yes,Eligible,17800,8.65,12
713,71,27303,Yes,Eligible,16700,7.06,24
850,37,85958,No,Eligible,39900,5.7,36
668,47,82911,No,Not Eligible,0,0.0,0
674,55,37049,Yes,Eligible,16800,8.09,12
604,20,167668,Yes,Eligible,54800,9.07,36
565,45,41294,Yes,Eligible,2400,10.47,12
733,73,18634,Yes,Eligible,1000,7.07,12
564,43,30715,Yes,Not Eligible,0,0.0,0
657,47,26200,No,Eligible,4000,7.99,12
602,30,61559,Yes,Not Eligible,0,0.0,0
697,30,23360,Yes,Eligible,7000,7.91,24
683,19,35471,Yes,Not Eligible,0,0.0,0
753,54,59203,No,Eligible,20900,7.38,12
598,66,53273,No,Eligible,21200,9.26,24
623,55,48650,No,Not Eligible,0,0.0,0
552,19,52870,No,Not Eligible,0,0.0,0
605,53,39249,No,Eligible,7600,9.4,12
687,71,18727,Yes,Not Eligible,0,0.0,0
725,43,38634,No,Eligible,5800,8.11,12
557,28,64942,Yes,Eligible,17300,9.83,24
736,25,45154,No,Not Eligible,0,0.0,0
785,61,62000,No,Eligible,24400,6.77,12
691,57,34472,No,Eligible,13200,7.42,12
837,60,89018,No,Eligible,40200,5.97,48
572,39,10574,No,Eligible,1000,9.35,24
525,37,53362,No,Eligible,9200,10.86,12
472,25,110120,No,Not Eligible,0,0.0,0
799,46,120405,No,Eligible,39000,6.28,24
715,57,42655,No,Eligible,25200,6.97,12
644,43,22120,No,Not Eligible,0,0.0,0
677,47,111288,No,Eligible,32900,7.71,24
537,34,47518,Yes,Not Eligible,0,0.0,0
850,37,44561,Yes,Eligible,20500,4.62,24
662,69,28689,No,Eligible,17700,8.4,24
660,72,23157,No,Eligible,1000,8.4,12
722,33,68755,No,Eligible,26900,7.22,36
698,63,73271,No,Eligible,25000,7.43,24
672,79,55322,No,Eligible,13100,8.06,24
570,60,30994,Yes,Eligible,18600,9.3,24
697,24,25874,Yes,Eligible,10000,7.43,12
838,33,20757,Yes,Eligible,7800,5.11,24
784,62,35019,Yes,Eligible,15400,6.35,12
809,76,26808,No,Eligible,1600,5.83,12
598,64,17578,No,Not Eligible,0,0.0,0
551,73,72461,No,Eligible,19400,10.65,12
637,65,22215,No,Not Eligible,0,0.0,0
655,44,88464,Yes,Not Eligible,0,0.0,0
759,70,62096,Yes,Eligible,18300,5.91,12
480,40,58489,No,Eligible,9900,11.66,12
802,41,133143,Yes,Eligible,53400,6.39,36
634,80,22663,Yes,Eligible,6600,8.78,12
607,26,82806,No,Eligible,16100,8.96,24
548,52,41003,Yes,Eligible,7300,10.08,12
484,68,229266,No,Eligible,60200,12.05,36
732,37,39008,Yes,Eligible,13100,6.37,12
657,54,35405,Yes,Not Eligible,0,0.0,0
521,59,63279,Yes,Eligible,11200,10.54,12
520,34,43245,Yes,Eligible,11400,10.6,12
616,64,31098,No,Eligible,14500,9.48,24
816,48,27387,No,Not Eligible,0,0.0,0
624,72,117585,No,Eligible,35900,9.23,24
499,74,24389,No,Not Eligible,0,0.0,0
625,25,56041,Yes,Eligible,17600,9.51,36
622,32,92384,No,Eligible,21700,9.25,24
380,48,95101,Yes,Eligible,22400,14.16,24
644,70,34166,Yes,Eligible,19200,8.54,12
626,47,43316,No,Not Eligible,0,0.0,0
719,63,38556,No,Eligible,9400,7.77,12
834,37,19515,No,Eligible,5300,5.51,12
762,77,67677,Yes,Eligible,26400,7.45,24
623,56,50166,Yes,Eligible,10800,8.3,12
539,70,116349,No,Not Eligible,0,0.0,0
850,72,29913,Yes,Eligible,8600,4.8,24
655,29,94204,Yes,Eligible,28600,8.31,24
651,66,98276,Yes,Eligible,33800,9.36,24
647,34,50425,Yes,Not Eligible,0,0.0,0
669,59,13326,Yes,Not Eligible,0,0.0,0
635,47,36042,No,Eligible,13200,8.38,12
592,46,143132,No,Eligible,59500,10.2,48
595,36,58584,No,Not Eligible,0,0.0,0
646,63,74312,Yes,Eligible,21000,8.57,36
595,28,46467,Yes,Not Eligible,0,0.0,0
578,51,42870,No,Not Eligible,0,0.0,0
660,67,15987,No,Not Eligible,0,0.0,0
624,24,78971,No,Not Eligible,0,0.0,0
800,61,93695,No,Eligible,34400,5.93,24
384,75,27708,Yes,Not Eligible,0,0.0,0
759,51,44032,No,Not Eligible,0,0.0,0
774,76,40609,No,Eligible,16600,5.7,24
442,37,63075,Yes,Not Eligible,0,0.0,0
615,67,35361,No,Eligible,17200,9.9,24
612,55,85716,No,Eligible,33000,9.29,24
509,41,51164,Yes,Not Eligible,0,0.0,0
572,27,10618,Yes,Eligible,9100,10.05,12
538,49,63935,Yes,Eligible,26100,11.22,24
825,69,89126,No,Eligible,30000,5.74,24
743,32,24557,Yes,Eligible,7300,6.66,12
777,54,62644,Yes,Eligible,26900,6.42,24
722,37,146968,Yes,Eligible,47500,7.51,24
537,20,52430,No,Not Eligible,0,0.0,0
597,54,97243,No,Not Eligible,0,0.0,0
698,79,37598,No,Eligible,11800,8.33,24
527,74,48495,Yes,Eligible,14000,10.53,24
721,57,43357,No,Eligible,9500,7.24,12
625,25,38860,No,Not Eligible,0,0.0,0
612,57,44862,No,Eligible,14700,9.09,24
721,61,18427,No,Eligible,14500,7.14,12
694,73,40193,No,Eligible,12400,8.63,24
613,40,109390,No,Eligible,31000,9.15,36
765,57,27495,Yes,Eligible,13700,6.28,12
541,28,25856,No,Not Eligible,0,0.0,0
711,63,50854,No,Eligible,16100,6.67,12
709,25,52402,No,Eligible,15700,6.38,24
619,46,61480,No,Not Eligible,0,0.0,0
682,47,45787,No,Not Eligible,0,0.0,0
524,73,51180,Yes,Not Eligible,0,0.0,0
742,77,39714,Yes,Eligible,15500,7.4,24
631,27,22800,No,Not Eligible,0,0.0,0
597,56,46965,No,Eligible,11800,9.5,12
754,45,75717,Yes,Eligible,25600,5.95,24
579,66,66771,Yes,Not Eligible,0,0.0,0
509,53,17213,No,Not Eligible,0,0.0,0
494,78,57019,No,Eligible,11900,11.35,24
710,30,28690,No,Not Eligible,0,0.0,0
521,49,113017,No,Not Eligible,0,0.0,0
825,53,59620,No,Eligible,18700,4.32,24
441,54,83932,No,Not Eligible,0,0.0,0
819,43,49647,No,Eligible,15400,5.31,12
671,39,47115,No,Eligible,16000,7.45,12
640,21,120271,No,Eligible,43700,9.2,36
595,48,87874,No,Eligible,27900,10.04,36
689,35,52612,No,Eligible,12500,7.78,12
646,55,43486,Yes,Eligible,19000,9.48,24
760,80,17600,Yes,Eligible,8200,6.27,24
661,41,59560,Yes,Eligible,8800,8.52,24
665,80,45448,Yes,Eligible,21300,8.62,24
613,73,68348,Yes,Eligible,25800,10.07,24
644,40,82017,Yes,Eligible,28300,7.77,36
680,39,102719,Yes,Eligible,42900,9.24,36
478,19,60005,No,Not Eligible,0,0.0,0
515,48,26165,No,Not Eligible,0,0.0,0
724,72,13499,Yes,Eligible,9900,6.89,12
667,28,29887,No,Not Eligible,0,0.0,0
631,45,109107,No,Eligible,25900,9.13,24
651,63,146399,No,Eligible,39600,8.87,24
684,49,42500,No,Eligible,18600,8.2,24
596,79,20402,Yes,Not Eligible,0,0.0,0
572,22,33221,Yes,Not Eligible,0,0.0,0
669,55,97021,No,Eligible,26800,7.2,24
552,27,34385,Yes,Not Eligible,0,0.0,0
690,57,69805,No,Eligible,16600,7.22,24
479,63,54237,Yes,Eligible,13500,11.73,24
752,41,75056,Yes,Eligible,25500,7.44,24
697,52,145918,Yes,Eligible,49100,7.33,36
675,61,69833,Yes,Not Eligible,0,0.0,0
748,65,53538,No,Eligible,16200,6.43,24
816,77,155908,No,Eligible,60700,5.26,48
751,79,60459,Yes,Eligible,15400,7.08,24
465,40,30461,Yes,Not Eligible,0,0.0,0
522,34,74048,Yes,Not Eligible,0,0.0,0
587,18,64117,Yes,Not Eligible,0,0.0,0
652,72,40751,No,Eligible,1000,8.94,12
701,48,35934,Yes,Eligible,12100,8.13,12
577,48,40988,No,Not Eligible,0,0.0,0
668,59,35627,No,Eligible,16400,7.84,12
574,74,41795,Yes,Eligible,9300,9.02,12
588,72,29564,No,Eligible,12900,9.62,24
509,59,61802,No,Not Eligible,0,0.0,0
557,70,59084,No,Not Eligible,0,0.0,0
514,73,60302,No,Eligible,21300,11.35,24
552,51,47220,No,Eligible,9100,9.31,12
755,26,44064,No,Eligible,19800,7.63,24
555,39,116448,Yes,Eligible,35700,9.42,24
850,30,51044,No,Eligible,18700,3.8,24
699,42,104637,No,Eligible,32700,7.79,24
668,65,26961,No,Not Eligible,0,0.0,0
564,35,69808,No,Not Eligible,0,0.0,0
720,68,31545,No,Not Eligible,0,0.0,0
592,29,35112,Yes,Not Eligible,0,0.0,0
662,57,38286,Yes,Not Eligible,0,0.0,0
850,34,36873,No,Eligible,20000,4.65,24
640,32,36983,No,Not Eligible,0,0.0,0
764,59,101759,No,Eligible,53200,6.78,48
579,32,50374,No,Not Eligible,0,0.0,0
646,32,56107,No,Eligible,13900,8.31,12
827,80,37261,No,Eligible,18700,5.25,12
587,72,81974,Yes,Not Eligible,0,0.0,0
831,56,60659,No,Eligible,26200,5.01,24
720,30,40726,No,Not Eligible,0,0.0,0
593,34,18947,No,Eligible,8500,9.34,24
713,49,55813,No,Eligible,16300,7.55,12
747,26,69245,No,Eligible,18400,6.58,24
712,57,27246,Yes,Eligible,10400,7.72,12
492,37,41058,Yes,Not Eligible,0,0.0,0
577,43,67663,No,Not Eligible,0,0.0,0
625,44,19099,Yes,Eligible,9700,8.79,12
642,38,33212,Yes,Eligible,10300,9.08,12
712,35,61460,Yes,Not Eligible,0,0.0,0
667,30,95131,No,Eligible,30800,8.77,36
516,33,181946,Yes,Not Eligible,0,0.0,0
688,26,158766,No,Eligible,53700,7.94,36
711,80,53437,No,Eligible,4400,7.24,24
705,29,36660,No,Eligible,13100,7.61,24
758,61,85295,No,Eligible,31800,6.08,24
733,55,35377,Yes,Eligible,16800,7.03,24
695,36,31031,No,Eligible,12100,7.26,12
642,77,40816,No,Eligible,18100,8.66,12
483,24,37857,No,Eligible,12800,11.51,12
692,74,62791,No,Eligible,26600,8.04,24
670,52,34151,No,Not Eligible,0,0.0,0
677,65,51589,Yes,Eligible,19400,9.08,12
522,35,127640,Yes,Eligible,36700,10.71,36
541,33,52748,No,Not Eligible,0,0.0,0
755,72,121789,Yes,Eligible,42100,8.32,48
646,56,100834,Yes,Eligible,32200,8.6,36
718,21,69928,No,Not Eligible,0,0.0,0
652,76,39636,Yes,Not Eligible,0,0.0,0
652,42,91519,Yes,Eligible,30300,9.77,24
743,49,42193,No,Not Eligible,0,0.0,0
598,79,48961,No,Eligible,6600,8.81,12
659,57,59761,Yes,Eligible,29900,7.91,24
603,30,48863,No,Eligible,17500,9.58,36
606,62,31819,No,Eligible,7900,8.93,24
619,34,19608,No,Not Eligible,0,0.0,0
672,66,87158,Yes,Eligible,29700,7.77,24
602,54,69023,Yes,Eligible,22000,9.69,24
775,23,17459,No,Eligible,5400,5.91,12
560,36,31317,Yes,Eligible,16500,10.84,12
631,30,54580,No,Eligible,17400,8.42,12
606,74,63929,No,Eligible,17100,9.44,24
794,77,19710,No,Eligible,12400,5.82,12
669,43,46465,No,Eligible,21400,8.39,24
753,31,67764,No,Not Eligible,0,0.0,0
501,48,39699,Yes,Not Eligible,0,0.0,0
676,71,57153,Yes,Not Eligible,0,0.0,0
738,21,36587,No,Eligible,11800,6.83,24
658,77,84585,Yes,Eligible,33000,8.8,24
756,56,30346,No,Eligible,14800,7.08,12
598,25,24704,No,Not Eligible,0,0.0,0
790,42,49879,No,Eligible,11000,6.01,12
850,30,20741,No,Eligible,6300,4.96,24
613,49,13862,No,Not Eligible,0,0.0,0
605,76,93923,Yes,Eligible,31800,8.46,24
795,55,27159,No,Eligible,22300,5.9,24
807,80,22022,Yes,Eligible,12700,6.13,12
597,55,30120,No,Eligible,5200,10.12,12
607,73,29319,Yes,Not Eligible,0,0.0,0
621,45,45014,No,Eligible,21200,8.49,24
515,70,25435,Yes,Eligible,4400,9.84,12
558,47,66099,Yes,Not Eligible,0,0.0,0
549,20,72239,No,Eligible,21500,10.57,24
573,45,22811,No,Not Eligible,0,0.0,0
646,20,33831,Yes,Eligible,8400,8.72,12
673,62,35816,Yes,Not Eligible,0,0.0,0
805,71,44400,No,Not Eligible,0,0.0,0
550,51,93864,No,Eligible,22000,10.27,12
748,33,97167,Yes,Eligible,28100,7.06,24
628,39,219546,No,Eligible,71300,8.68,48
645,49,12561,Yes,Eligible,9200,8.94,12
717,78,28153,No,Eligible,1400,7.36,12
537,55,145569,Yes,Eligible,46600,10.61,36
688,25,16640,No,Not Eligible,0,0.0,0
666,72,143595,Yes,Eligible,51000,8.7,36
699,25,53552,No,Not Eligible,0,0.0,0
678,79,54747,Yes,Eligible,17400,7.57,24
850,74,22745,Yes,Eligible,9200,5.03,12
586,23,37395,Yes,Not Eligible,0,0.0,0
596,31,139864,No,Eligible,44300,9.12,36
587,49,47638,No,Not Eligible,0,0.0,0
594,52,37545,No,Not Eligible,0,0.0,0
586,27,62531,No,Not Eligible,0,0.0,0
768,20,43681,No,Eligible,21200,7.19,24
792,76,60300,No,Eligible,23800,6.06,36
592,29,29441,Yes,Eligible,13300,10.23,12
566,66,46803,No,Not Eligible,0,0.0,0
697,76,33368,Yes,Not Eligible,0,0.0,0
594,48,16607,No,Eligible,1000,9.28,12
713,46,65458,No,Not Eligible,0,0.0,0
670,80,23382,No,Eligible,8900,8.45,24
498,22,44407,No,Not Eligible,0,0.0,0
804,79,85446,No,Eligible,40500,6.0,36
829,69,19956,No,Eligible,4600,6.51,24
588,42,70460,Yes,Not Eligible,0,0.0,0
611,80,40950,Yes,Eligible,8400,9.4,24
678,58,27449,No,Not Eligible,0,0.0,0
683,48,165008,No,Eligible,55500,8.23,36
715,79,49004,Yes,Eligible,13000,7.64,24
850,38,34861,Yes,Eligible,14300,4.38,24
632,75,30695,Yes,Not Eligible,0,0.0,0
570,37,83174,Yes,Eligible,30200,11.34,24
512,56,33954,No,Eligible,4000,10.7,12
576,80,77181,No,Eligible,24000,9.96,24
646,39,48947,No,Eligible,15600,8.02,24
829,21,95770,No,Eligible,28300,5.76,36
598,30,26225,No,Not Eligible,0,0.0,0
672,62,28514,Yes,Eligible,11900,7.48,12
648,80,41414,Yes,Eligible,6700,8.02,12
768,59,43528,No,Eligible,15700,5.45,12
850,67,39626,Yes,Eligible,5200,5.79,12
596,66,237723,No,Eligible,72600,9.2,36
601,37,169049,Yes,Eligible,42000,9.46,48
754,69,58655,Yes,Not Eligible,0,0.0,0
718,30,62955,Yes,Eligible,19900,7.89,24
834,34,42537,No,Eligible,17300,5.62,24
708,71,26110,Yes,Not Eligible,0,0.0,0
614,53,43947,No,Eligible,7600,8.88,12
709,50,77860,Yes,Eligible,21000,7.9,12
760,18,107299,No,Eligible,31300,7.1,24
732,32,89092,No,Not Eligible,0,0.0,0
700,30,19813,No,Not Eligible,0,0.0,0
756,34,41211,No,Eligible,18400,6.14,24
766,41,20306,Yes,Eligible,5000,7.4,12
788,75,98844,Yes,Eligible,28600,7.1,24
714,25,38275,No,Eligible,11800,7.44,12
633,67,47654,Yes,Not Eligible,0,0.0,0
664,44,65383,Yes,Not Eligible,0,0.0,0
770,62,257734,No,Eligible,90200,6.74,48
568,40,57581,No,Eligible,19300,9.41,12
686,63,42490,No,Eligible,14900,8.1,12
610,25,23280,No,Not Eligible,0,0.0,0
652,25,117616,No,Not Eligible,0,0.0,0
777,76,43959,No,Eligible,8900,5.89,12
669,43,132493,No,Eligible,42100,7.97,48
654,64,95165,Yes,Eligible,31900,8.65,12
514,76,37131,Yes,Eligible,12100,10.8,24
724,30,21261,No,Eligible,12600,6.74,12
714,56,57730,No,Not Eligible,0,0.0,0
850,54,33896,No,Eligible,19200,4.46,24
619,66,50191,No,Eligible,16100,8.04,24
671,45,91989,No,Eligible,27600,8.54,12
674,42,18175,Yes,Eligible,15800,8.06,24
807,78,57455,Yes,Eligible,22800,5.77,24
640,33,77323,No,Not Eligible,0,0.0,0
677,72,79607,No,Eligible,21400,8.78,12
710,19,21630,Yes,Not Eligible,0,0.0,0
668,71,63044,Yes,Eligible,26000,8.44,12
605,35,100923,Yes,Not Eligible,0,0.0,0
669,80,60230,No,Eligible,19400,8.36,24
757,34,45733,No,Eligible,17900,6.99,24
547,47,97126,No,Not Eligible,0,0.0,0
663,56,32318,Yes,Not Eligible,0,0.0,0
579,30,19576,No,Not Eligible,0,0.0,0
769,49,43461,No,Eligible,13500,6.02,24
497,67,67577,No,Eligible,12800,11.36,12
594,46,91433,Yes,Eligible,24200,8.9,12
687,63,67393,No,Eligible,18900,8.16,12
806,47,80942,No,Eligible,23300,5.89,24
643,35,91783,Yes,Eligible,34700,8.85,36
594,30,39989,Yes,Eligible,14000,10.01,24
838,60,44857,No,Eligible,18400,5.94,24
505,38,106117,No,Not Eligible,0,0.0,0
430,47,23716,Yes,Not Eligible,0,0.0,0
694,38,63416,Yes,Eligible,17800,7.65,12
599,65,31887,Yes,Not Eligible,0,0.0,0
547,72,94859,No,Eligible,32300,10.51,24
720,34,48496,No,Eligible,11500,7.94,12
674,57,49244,No,Not Eligible,0,0.0,0
593,36,138320,No,Eligible,40000,9.83,24
521,69,25703,Yes,Not Eligible,0,0.0,0
737,32,55797,No,Eligible,18300,6.92,12
715,26,43999,No,Eligible,12700,7.69,12
640,69,67470,Yes,Eligible,19600,9.06,24
834,27,155998,No,Eligible,56600,5.15,24
542,61,34093,No,Not Eligible,0,0.0,0
497,48,23898,No,Not Eligible,0,0.0,0
580,70,30163,Yes,Eligible,3800,10.13,24
645,40,42629,No,Not Eligible,0,0.0,0
674,69,50946,No,Eligible,19500,8.59,12
625,47,52507,Yes,Eligible,26000,8.93,24
685,50,144581,Yes,Eligible,47500,8.84,36
524,74,129949,Yes,Eligible,34200,10.95,24
794,69,107126,No,Eligible,49200,6.14,24
641,26,221607,No,Eligible,73600,8.1,48
761,71,80375,Yes,Eligible,24700,7.32,24
684,64,95321,Yes,Eligible,35500,8.0,24
695,18,79448,Yes,Eligible,33500,8.69,24
706,61,72008,No,Eligible,17800,7.64,24
694,52,62108,No,Eligible,23600,7.73,24
714,28,38633,No,Eligible,6700,7.22,12
782,51,23200,No,Eligible,14600,6.56,12
669,33,45324,No,Eligible,16200,8.55,12
720,26,68834,Yes,Eligible,27400,6.7,24
641,49,51192,Yes,Eligible,15400,8.52,12
794,32,25868,No,Eligible,1000,6.38,12
582,29,44376,Yes,Eligible,11200,9.55,24
830,50,43010,Yes,Eligible,21500,4.96,12
645,62,47220,No,Eligible,25300,8.83,24
506,31,65811,No,Eligible,19500,11.3,12
662,74,74888,Yes,Eligible,21400,8.19,12
581,74,36314,Yes,Not Eligible,0,0.0,0
734,25,88315,Yes,Eligible,35800,7.03,36
584,25,96662,No,Eligible,29900,9.2,36
605,44,59407,Yes,Not Eligible,0,0.0,0
461,79,73046,Yes,Eligible,19900,12.58,24
604,29,88480,No,Eligible,27600,8.92,24
407,18,25372,Yes,Not Eligible,0,0.0,0
491,60,92303,Yes,Eligible,34000,11.09,24
726,57,30514,Yes,Eligible,1000,7.2,12
728,59,32350,Yes,Eligible,10300,7.39,12
692,79,55147,Yes,Not Eligible,0,0.0,0
553,68,13542,Yes,Not Eligible,0,0.0,0
645,28,54468,No,Eligible,17000,8.39,12
649,56,88350,Yes,Eligible,31600,8.17,24
534,60,18259,No,Eligible,12300,10.56,12
800,48,94221,No,Eligible,30500,5.6,36
737,34,32232,No,Eligible,8900,7.49,12
627,50,55498,Yes,Eligible,24300,8.7,24
652,49,35166,Yes,Eligible,5900,8.83,12
670,75,69130,No,Eligible,20600,8.48,24
445,46,90668,No,Not Eligible,0,0.0,0
625,38,72273,No,Eligible,29800,8.84,24
581,38,48903,Yes,Eligible,11800,9.84,12
549,57,36845,No,Not Eligible,0,0.0,0
621,40,47024,Yes,Eligible,18200,9.05,24
829,73,72662,Yes,Eligible,24400,5.9,24
714,23,74173,No,Eligible,16400,7.53,12
592,39,68220,Yes,Eligible,19700,9.91,12
707,67,22707,No,Eligible,6700,7.3,24
789,55,48348,No,Eligible,17900,6.34,24
742,54,33521,No,Eligible,11800,7.93,12
655,62,73054,No,Eligible,21500,8.81,24
585,68,30977,No,Not Eligible,0,0.0,0
719,71,64294,No,Eligible,24100,7.24,24
689,25,41385,Yes,Eligible,10000,8.39,12
739,58,15875,No,Eligible,5200,7.52,12
713,66,85697,Yes,Eligible,27100,7.61,24
754,52,48282,Yes,Eligible,19100,6.71,24
596,68,105407,Yes,Eligible,37900,8.87,36
781,28,18048,No,Eligible,12500,6.24,24
669,41,41154,No,Not Eligible,0,0.0,0
850,66,43051,No,Eligible,15500,4.62,24
581,38,57648,Yes,Eligible,16100,9.26,12
823,68,22134,No,Eligible,2200,5.54,12
669,19,67942,No,Eligible,20900,8.41,24
584,80,154352,No,Eligible,45200,9.16,48
601,57,65167,No,Not Eligible,0,0.0,0
617,36,51829,Yes,Eligible,13200,9.38,24
692,56,21450,No,Eligible,1000,8.53,12
702,45,30805,No,Not Eligible,0,0.0,0
592,76,47405,No,Eligible,14700,10.73,24
647,34,35672,No,Eligible,12000,8.72,24
850,23,90740,No,Eligible,38700,4.4,24
822,36,67522,No,Eligible,25000,5.34,24
693,73,246576,Yes,Eligible,84600,7.3,60
653,55,27213,Yes,Eligible,15100,8.5,12
662,45,50004,No,Not Eligible,0,0.0,0
711,19,21373,No,Eligible,4300,7.66,24
547,55,12920,Yes,Not Eligible,0,0.0,0
624,72,75631,No,Eligible,28000,8.48,24
483,54,66036,No,Not Eligible,0,0.0,0
689,68,29355,No,Eligible,5800,8.25,12
714,69,51834,No,Not Eligible,0,0.0,0
601,21,33605,No,Eligible,1000,8.26,12
807,39,36441,No,Eligible,10900,5.2,12
527,43,40450,No,Not Eligible,0,0.0,0
503,66,28625,No,Eligible,5900,10.94,24
672,60,31888,Yes,Eligible,5700,8.06,24
754,53,32433,Yes,Eligible,8800,7.02,12
818,75,63179,No,Eligible,28600,5.43,12
604,30,10000,No,Not Eligible,0,0.0,0
757,69,42762,No,Eligible,16300,6.5,24
646,75,25524,No,Eligible,1000,8.28,12
632,49,26083,Yes,Not Eligible,0,0.0,0
738,34,35760,No,Eligible,10800,7.06,12
715,58,48600,No,Eligible,11500,6.92,12
492,53,43103,No,Not Eligible,0,0.0,0
797,72,25888,No,Eligible,6000,5.82,12
788,77,75585,No,Eligible,21400,5.55,24
587,63,28522,No,Not Eligible,0,0.0,0
689,36,31545,No,Eligible,19900,7.85,24
699,75,58144,Yes,Eligible,14500,6.9,24
676,77,59410,No,Eligible,28900,7.63,24
594,52,33961,No,Not Eligible,0,0.0,0
582,63,10000,No,Eligible,2500,9.91,24
647,57,28816,Yes,Not Eligible,0,0.0,0
767,73,54021,No,Eligible,15900,6.66,12
704,76,74099,No,Eligible,27100,8.27,24
612,45,46743,No,Eligible,17200,9.61,12
727,18,36776,Yes,Eligible,1000,6.76,12
365,59,194060,No,Eligible,56100,14.12,36
764,35,39202,No,Eligible,5300,6.09,12
476,65,70780,No,Eligible,16000,12.26,24
613,57,22003,Yes,Eligible,1000,9.42,12
538,50,25486,Yes,Not Eligible,0,0.0,0
520,80,72286,No,Eligible,17900,10.78,12
766,29,91742,Yes,Eligible,31300,6.93,24
603,25,38799,Yes,Not Eligible,0,0.0,0
684,41,16168,Yes,Eligible,4200,7.06,12
645,33,44332,No,Not Eligible,0,0.0,0
697,67,54920,No,Eligible,12700,7.15,12
657,21,52015,Yes,Not Eligible,0,0.0,0
521,55,34960,Yes,Eligible,6600,11.41,12
749,61,44724,No,Eligible,14300,7.0,24
600,44,31261,No,Not Eligible,0,0.0,0
494,26,25157,Yes,Eligible,4200,12.2,12
607,64,77141,Yes,Eligible,23500,9.59,24
800,33,51983,No,Eligible,14000,6.23,12
735,73,44783,No,Eligible,21500,7.09,24
615,29,36160,No,Eligible,15000,9.04,24
615,48,43997,No,Not Eligible,0,0.0,0
617,41,53970,Yes,Eligible,15800,10.26,12
850,72,138303,No,Eligible,54700,4.46,36
688,31,72600,No,Not Eligible,0,0.0,0
693,62,32866,No,Not Eligible,0,0.0,0
753,42,33075,Yes,Eligible,17500,6.46,24
673,80,30121,No,Eligible,8400,8.61,12
624,51,43463,No,Not Eligible,0,0.0,0
630,20,30107,Yes,Eligible,15500,9.45,24
642,75,65179,No,Eligible,16500,9.81,12
646,41,10035,Yes,Eligible,1000,8.89,12
722,79,67582,Yes,Eligible,25200,7.96,24
655,71,57827,Yes,Eligible,12800,8.67,24
723,59,104573,Yes,Eligible,27900,7.66,24
641,26,82956,Yes,Eligible,32700,9.03,24
657,43,32525,No,Not Eligible,0,0.0,0
450,37,77542,No,Not Eligible,0,0.0,0
741,57,44318,No,Eligible,8800,7.57,12
684,27,15358,Yes,Eligible,1900,8.0,12
749,36,53922,No,Eligible,25800,6.77,24
360,20,33706,No,Not Eligible,0,0.0,0
850,41,49027,No,Eligible,20000,5.15,24
636,22,132041,No,Eligible,44100,8.3,36
760,20,56098,No,Eligible,21400,6.55,12
546,75,26624,No,Not Eligible,0,0.0,0
711,44,87434,No,Eligible,26900,6.89,24
544,33,60932,Yes,Eligible,17000,10.67,12
587,66,24807,No,Not Eligible,0,0.0,0
841,32,18699,No,Eligible,7100,5.32,24
630,52,27271,No,Eligible,2600,10.08,12
671,29,80965,No,Eligible,19700,8.19,24
737,58,40906,No,Eligible,7200,6.52,12
699,70,51466,No,Eligible,21300,7.86,12
665,61,21957,Yes,Eligible,3200,8.6,24
686,43,82283,Yes,Eligible,30300,7.51,24
850,64,14630,Yes,Eligible,6200,4.14,12
644,51,33082,No,Eligible,5800,8.28,24
670,40,63011,No,Eligible,16300,8.25,24
755,48,24994,No,Not Eligible,0,0.0,0
760,67,70861,No,Eligible,26400,7.18,36
768,37,29099,No,Not Eligible,0,0.0,0
713,29,23490,No,Eligible,5900,7.54,12
535,40,106073,No,Eligible,26000,9.85,24
813,21,53763,No,Eligible,21300,5.99,12
535,40,66931,No,Not Eligible,0,0.0,0
680,65,90302,Yes,Eligible,21100,8.52,24
574,72,10182,No,Eligible,1000,9.69,12
643,65,71744,No,Not Eligible,0,0.0,0
682,18,31050,Yes,Not Eligible,0,0.0,0
682,71,33605,No,Eligible,14400,8.75,12
692,42,63733,No,Eligible,19600,7.52,24
811,19,39425,No,Eligible,7100,5.48,24
695,47,70032,Yes,Eligible,32400,7.8,12
625,20,47834,No,Eligible,20600,9.03,24
746,75,54226,No,Eligible,19500,7.29,24
768,38,36529,Yes,Eligible,9300,6.62,24
527,42,25875,No,Eligible,4800,10.17,24
709,37,31439,Yes,Not Eligible,0,0.0,0
720,66,46087,Yes,Eligible,14900,7.05,12
620,69,147612,Yes,Eligible,46600,8.07,24
787,39,118556,Yes,Eligible,52700,6.61,36
634,38,33124,No,Eligible,15200,8.99,12
662,79,50825,Yes,Eligible,11000,8.15,12
632,78,41248,No,Not Eligible,0,0.0,0
651,50,53005,No,Eligible,14700,8.77,12
540,69,57259,No,Eligible,17900,9.99,12
505,55,67272,No,Not Eligible,0,0.0,0
809,78,10000,No,Eligible,18600,6.43,12
565,32,61077,No,Eligible,20200,10.11,24
550,75,38586,Yes,Not Eligible,0,0.0,0
434,75,32113,No,Not Eligible,0,0.0,0
586,63,78948,No,Not Eligible,0,0.0,0
517,69,118195,Yes,Eligible,25300,11.13,24
814,32,74117,Yes,Eligible,28000,5.21,12
750,63,35913,Yes,Eligible,16100,6.81,12
581,42,25703,No,Eligible,10100,9.97,24
850,38,10000,No,Eligible,9000,5.27,12
748,41,54694,No,Eligible,20600,7.14,24
617,74,69383,Yes,Eligible,22200,8.77,24
400,75,46114,No,Not Eligible,0,0.0,0
850,22,85840,Yes,Eligible,41900,5.48,48
511,23,22200,Yes,Not Eligible,0,0.0,0
485,66,44234,No,Not Eligible,0,0.0,0
752,60,42184,Yes,Not Eligible,0,0.0,0
850,65,45886,Yes,Eligible,26700,5.81,24
788,61,98790,Yes,Eligible,35000,5.65,36
706,64,46032,No,Not Eligible,0,0.0,0
709,40,41073,No,Eligible,10700,7.47,24
735,21,27944,No,Not Eligible,0,0.0,0
725,44,108787,No,Eligible,39400,7.62,24
678,35,20770,Yes,Eligible,1000,8.5,12
660,38,35178,No,Eligible,15500,8.76,24
643,45,135450,No,Eligible,42900,8.64,36
574,52,64922,Yes,Not Eligible,0,0.0,0
621,39,48430,Yes,Eligible,12400,9.71,24
480,57,49662,Yes,Not Eligible,0,0.0,0
640,40,27782,No,Eligible,11700,8.44,12
551,20,47046,Yes,Eligible,6200,10.54,12
539,57,39738,No,Not Eligible,0,0.0,0
667,67,54599,Yes,Eligible,18700,8.38,24
789,27,19855,Yes,Eligible,5300,6.44,12
741,42,62237,No,Eligible,20500,6.89,24
492,69,90217,No,Eligible,20000,11.86,24
551,66,43377,Yes,Not Eligible,0,0.0,0
744,25,72276,Yes,Not Eligible,0,0.0,0
551,72,59054,Yes,Eligible,15800,11.32,24
627,28,34042,Yes,Eligible,13500,9.73,12
705,78,25974,Yes,Eligible,5000,7.95,12
553,22,28253,No,Not Eligible,0,0.0,0
660,75,58438,No,Eligible,25900,8.33,24
516,62,47396,No,Not Eligible,0,0.0,0
589,70,105351,Yes,Eligible,34700,10.14,36
681,72,78788,Yes,Eligible,29400,7.97,24
490,54,78689,Yes,Not Eligible,0,0.0,0
694,73,57402,No,Eligible,22500,7.44,12
648,76,27520,No,Not Eligible,0,0.0,0
705,62,59587,Yes,Eligible,7300,8.51,24
672,55,50935,No,Eligible,15400,8.66,24
786,46,24759,No,Eligible,12400,6.18,24
662,22,101312,Yes,Eligible,33100,8.63,24
607,26,94975,Yes,Eligible,33300,9.68,24
662,76,24674,No,Eligible,2100,7.98,12
704,65,33433,No,Eligible,16000,7.07,24
654,19,35243,Yes,Eligible,19700,9.09,12
654,18,70679,Yes,Eligible,19700,7.89,24
579,57,65962,No,Eligible,23700,9.92,24
583,77,50344,Yes,Eligible,15300,9.49,12
509,68,57775,No,Not Eligible,0,0.0,0
824,47,22638,No,Eligible,16900,5.35,12
525,28,61624,Yes,Not Eligible,0,0.0,0
580,45,46141,Yes,Eligible,17700,8.75,12
578,61,32616,No,Eligible,3500,10.51,12
739,29,19545,Yes,Not Eligible,0,0.0,0
620,56,49820,Yes,Eligible,23800,9.69,24
774,43,60728,No,Eligible,17900,6.83,12
582,30,17650,Yes,Eligible,3700,10.03,12
677,76,49567,No,Eligible,20100,7.82,12
566,25,52751,Yes,Not Eligible,0,0.0,0
850,80,35152,No,Eligible,7200,5.14,24
531,78,61568,Yes,Not Eligible,0,0.0,0
680,78,45270,No,Not Eligible,0,0.0,0
713,71,58098,No,Not Eligible,0,0.0,0
691,45,67544,Yes,Eligible,29800,8.11,12
631,75,67567,No,Eligible,21600,9.24,36
637,47,90227,Yes,Eligible,34000,9.42,24
654,26,60053,No,Eligible,13800,9.43,24
635,56,36819,No,Eligible,14700,9.21,12
746,48,33233,No,Eligible,17300,7.15,24
850,75,25900,Yes,Eligible,9100,4.89,12
594,38,53675,No,Eligible,13900,9.48,24
513,73,108313,Yes,Eligible,23500,10.76,24
641,64,39534,No,Eligible,8400,7.2,12
850,51,64200,No,Not Eligible,0,0.0,0
569,72,31214,Yes,Not Eligible,0,0.0,0
813,48,55098,Yes,Eligible,17400,5.52,12
817,69,104360,No,Eligible,41200,5.83,24
594,42,73994,No,Not Eligible,0,0.0,0
706,29,19101,Yes,Eligible,12000,7.24,12
812,18,69038,Yes,Eligible,22800,4.63,36
612,72,70950,No,Eligible,22300,9.56,24
629,39,54398,Yes,Eligible,15200,8.57,12
591,57,73167,Yes,Eligible,19900,9.35,24
548,54,29729,Yes,Not Eligible,0,0.0,0
585,64,50917,Yes,Eligible,14400,9.38,12
527,18,95425,No,Not Eligible,0,0.0,0
653,18,90397,No,Eligible,28000,7.98,24
573,74,68106,No,Not Eligible,0,0.0,0
673,80,28859,Yes,Not Eligible,0,0.0,0
494,59,26257,No,Not Eligible,0,0.0,0
683,71,52508,No,Not Eligible,0,0.0,0
733,59,54636,Yes,Eligible,18500,6.31,24
450,38,46155,No,Not Eligible,0,0.0,0
687,32,30246,No,Not Eligible,0,0.0,0
772,34,63715,No,Eligible,19200,6.85,24
529,39,52370,No,Not Eligible,0,0.0,0
817,55,58331,No,Eligible,25100,5.82,36
691,52,69986,Yes,Eligible,15400,7.28,24
579,62,41598,No,Eligible,12300,10.06,24
644,33,36561,Yes,Not Eligible,0,0.0,0
705,25,95276,No,Eligible,28000,7.64,24
657,79,31119,No,Eligible,2000,8.46,24
703,64,36993,No,Eligible,16600,7.57,12
557,34,102800,No,Eligible,30900,10.59,36
666,34,35305,No,Not Eligible,0,0.0,0
508,71,46204,Yes,Eligible,11900,11.36,24
638,43,38285,No,Eligible,6800,8.71,12
559,30,16815,No,Not Eligible,0,0.0,0
576,34,45524,No,Not Eligible,0,0.0,0
773,55,26732,No,Eligible,10200,6.35,12
759,34,57110,Yes,Eligible,22900,8.25,12
710,65,95166,Yes,Eligible,24100,7.76,24
540,31,12984,No,Not Eligible,0,0.0,0
618,62,38401,No,Eligible,3400,9.06,12
771,23,64305,Yes,Eligible,26000,6.14,12
664,52,13226,No,Eligible,3300,8.24,12
850,63,109289,No,Eligible,49100,4.58,36
689,31,61570,Yes,Eligible,17600,7.46,12
669,64,93894,No,Eligible,35200,9.18,36
619,25,34948,No,Eligible,5200,9.6,12
663,78,37571,No,Eligible,13000,9.15,24
634,32,44508,No,Eligible,4100,9.49,12
720,71,176826,No,Eligible,66700,7.06,36
745,78,108105,Yes,Eligible,47700,6.14,24
571,44,53072,Yes,Eligible,12300,9.84,12
516,30,57104,Yes,Not Eligible,0,0.0,0
466,66,71749,No,Not Eligible,0,0.0,0
700,48,205856,Yes,Eligible,63300,7.7,36
539,70,61674,Yes,Eligible,13900,12.14,24
434,73,50391,Yes,Not Eligible,0,0.0,0
688,52,40008,Yes,Eligible,25600,8.24,12
850,77,56440,No,Eligible,27800,4.7,36
649,23,34468,Yes,Eligible,10100,8.86,24
733,22,66016,No,Eligible,27400,7.06,24
658,39,20752,No,Eligible,7900,8.37,12
640,75,41927,Yes,Eligible,16500,8.51,24
741,66,76174,No,Eligible,22100,7.06,24
620,40,61173,No,Eligible,26200,9.6,24
676,42,37139,Yes,Eligible,8600,7.68,12
682,51,42650,Yes,Eligible,10800,8.03,12
583,43,91235,Yes,Eligible,30500,10.1,24
749,64,23712,Yes,Eligible,10300,7.18,12
632,22,23795,Yes,Not Eligible,0,0.0,0
574,43,28063,No,Eligible,12600,10.31,12
703,37,48707,No,Not Eligible,0,0.0,0
560,23,21719,No,Not Eligible,0,0.0,0
652,23,86838,Yes,Eligible,25900,8.31,24
649,76,28153,Yes,Eligible,8700,8.34,24
758,67,56084,No,Eligible,29800,6.78,24
697,35,34632,Yes,Eligible,8300,7.99,24
647,21,47131,Yes,Eligible,20400,9.1,12
731,34,18732,No,Eligible,5600,7.5,12
789,74,89392,Yes,Eligible,29500,6.73,24
705,31,27531,No,Eligible,7600,7.3,12
651,31,25855,Yes,Not Eligible,0,0.0,0
518,30,204312,No,Eligible,62100,10.72,48
543,24,68362,No,Not Eligible,0,0.0,0
619,61,87330,No,Eligible,19600,9.1,36
589,72,64559,Yes,Eligible,22800,9.73,12
631,32,37365,No,Eligible,11200,9.32,12
655,36,22379,No,Eligible,1800,7.83,12
702,80,40974,No,Eligible,15900,7.28,24
642,60,27258,No,Not Eligible,0,0.0,0
698,64,28257,No,Eligible,9700,7.76,12
656,61,18960,Yes,Eligible,10800,8.4,12
452,52,52506,No,Not Eligible,0,0.0,0
556,34,126001,No,Eligible,39300,10.22,36
635,52,68520,Yes,Eligible,20500,9.25,24
529,36,46005,Yes,Not Eligible,0,0.0,0
709,37,47841,No,Eligible,21200,8.25,24
803,53,10000,No,Eligible,7700,6.39,24
771,52,38013,Yes,Eligible,12500,6.26,24
628,49,20826,Yes,Eligible,11500,8.74,12
799,75,53137,Yes,Eligible,22200,4.55,24
664,65,41940,No,Eligible,9000,7.84,12
616,61,29097,Yes,Eligible,7200,8.69,12
588,57,52424,No,Not Eligible,0,0.0,0
619,41,52154,Yes,Eligible,6500,9.18,12
611,78,121926,No,Eligible,43100,9.5,36
667,78,74002,No,Eligible,40100,9.23,36
666,34,55836,Yes,Eligible,24600,8.38,24
650,24,27763,Yes,Eligible,9900,7.62,24
693,60,25743,No,Eligible,6200,7.48,12
769,67,70214,Yes,Eligible,21300,6.78,12
744,18,43475,Yes,Eligible,16400,6.89,12
501,52,56932,No,Not Eligible,0,0.0,0
394,49,88150,No,Not Eligible,0,0.0,0
743,53,19773,No,Eligible,19900,7.52,36
513,30,113348,Yes,Eligible,24500,11.25,36
627,23,87695,Yes,Not Eligible,0,0.0,0
532,75,14290,Yes,Eligible,4400,10.86,12
469,31,201159,No,Eligible,52600,11.54,48
704,54,59446,No,Eligible,17700,7.63,12
725,65,36786,No,Eligible,13400,7.42,12
592,32,66932,Yes,Not Eligible,0,0.0,0
390,64,27269,No,Not Eligible,0,0.0,0
595,79,68028,Yes,Eligible,29000,10.24,24
689,21,30451,Yes,Not Eligible,0,0.0,0
502,57,164755,No,Eligible,36800,12.01,24
668,76,50820,Yes,Eligible,18500,8.51,24
648,33,72395,No,Eligible,25000,8.22,24
707,45,30587,No,Eligible,11100,8.0,24
661,33,80009,No,Eligible,29100,7.87,24
552,79,48652,No,Eligible,21000,10.31,24
769,21,21012,No,Eligible,11900,6.33,12
634,62,42478,No,Eligible,16300,8.59,12
647,43,156164,Yes,Eligible,54700,9.88,36
556,45,82074,No,Not Eligible,0,0.0,0
605,49,39050,No,Not Eligible,0,0.0,0
561,62,15970,No,Not Eligible,0,0.0,0
632,19,29747,No,Not Eligible,0,0.0,0
821,48,21080,Yes,Eligible,3400,5.32,12
512,20,16203,Yes,Not Eligible,0,0.0,0
488,71,78539,Yes,Eligible,16400,11.41,24
797,25,50890,No,Eligible,13200,5.83,24
629,41,143927,No,Eligible,49300,9.31,36
583,32,26941,No,Eligible,7200,10.04,12
753,60,48953,Yes,Eligible,21700,7.11,24
589,48,21236,Yes,Not Eligible,0,0.0,0
832,26,34306,No,Eligible,18000,5.09,24
717,56,42904,No,Eligible,18200,7.98,12
601,62,39152,No,Not Eligible,0,0.0,0
850,19,50621,No,Eligible,19200,5.65,24
589,25,87813,Yes,Eligible,26100,8.87,24
724,24,82442,No,Eligible,32100,8.19,24
679,73,30896,No,Eligible,5600,7.79,12
780,61,48136,No,Eligible,17700,5.35,24
806,68,78941,No,Eligible,26500,6.69,24
653,56,91257,No,Eligible,35800,8.84,24
574,59,32968,No,Eligible,13400,10.3,24
695,78,74974,No,Eligible,36400,7.65,24
582,74,59795,No,Eligible,14300,9.96,12
850,33,25858,No,Eligible,7000,4.93,12
663,52,79228,Yes,Eligible,26500,8.09,24
613,47,53686,No,Eligible,13200,9.32,24
668,27,17243,No,Eligible,8400,8.37,12
515,55,41096,Yes,Not Eligible,0,0.0,0
552,35,50207,No,Not Eligible,0,0.0,0
770,67,34081,Yes,Eligible,18000,5.56,24
584,22,102430,Yes,Eligible,21800,10.8,24
545,70,104681,Yes,Eligible,32900,10.49,24
703,46,38968,No,Eligible,10700,7.14,12
768,56,36485,No,Eligible,17500,6.75,24
721,77,45308,No,Eligible,21200,6.97,36
749,51,43475,No,Eligible,4400,6.82,24
574,60,34354,No,Not Eligible,0,0.0,0
507,79,10000,Yes,Not Eligible,0,0.0,0
800,62,140489,Yes,Eligible,41800,6.88,24
617,40,49033,No,Not Eligible,0,0.0,0
624,22,44047,No,Not Eligible,0,0.0,0
782,47,59581,No,Eligible,16300,5.67,24
705,23,46721,No,Eligible,12900,7.37,12
695,73,37866,No,Not Eligible,0,0.0,0
850,75,26812,Yes,Not Eligible,0,0.0,0
585,78,16266,No,Eligible,5800,9.56,12
742,63,21750,No,Eligible,12700,6.38,12
655,61,25084,No,Eligible,7800,8.6,24
676,21,72442,Yes,Eligible,29900,7.42,36
802,46,75718,No,Eligible,23700,6.41,24
700,40,28880,No,Eligible,10700,8.03,24
703,23,10000,Yes,Eligible,13900,7.37,24
757,49,49289,No,Eligible,10000,6.45,12
613,59,38065,Yes,Eligible,3800,9.43,12
566,35,37505,No,Not Eligible,0,0.0,0
545,32,86991,No,Eligible,26200,10.15,24
453,57,53273,No,Not Eligible,0,0.0,0
850,75,27287,Yes,Eligible,5200,4.34,24
539,49,23769,Yes,Not Eligible,0,0.0,0
627,26,41874,Yes,Not Eligible,0,0.0,0
622,54,28457,Yes,Eligible,9700,9.86,12
680,27,46936,Yes,Not Eligible,0,0.0,0
731,37,90733,No,Eligible,30600,6.69,12
736,23,21421,Yes,Eligible,4800,7.41,12
591,65,51671,No,Eligible,19000,9.39,24
633,73,84883,Yes,Eligible,21800,8.39,24
678,76,46550,No,Eligible,16000,8.57,24
625,80,75580,No,Eligible,37200,8.93,24
810,20,41259,No,Eligible,10100,6.15,12
699,59,54311,No,Not Eligible,0,0.0,0
723,28,63861,Yes,Eligible,22100,7.37,24
716,60,34780,No,Eligible,1000,7.72,12
767,34,161846,No,Eligible,52700,6.19,48
668,49,69324,No,Eligible,24600,7.9,12
520,21,107129,No,Eligible,29100,11.6,24
689,80,93210,No,Eligible,37100,8.22,36
584,21,59657,No,Eligible,16900,9.8,12
597,34,112586,No,Not Eligible,0,0.0,0
708,58,54871,No,Eligible,15600,7.85,12
773,36,31638,No,Eligible,10000,6.87,12
652,22,49458,Yes,Eligible,10100,8.03,12
680,49,26803,Yes,Eligible,8300,8.06,12
820,39,13890,No,Eligible,1000,6.11,12
674,73,29391,No,Eligible,3800,9.04,12
850,23,51211,Yes,Eligible,17200,4.73,24
706,52,92702,Yes,Eligible,34400,7.7,36
473,39,29339,No,Not Eligible,0,0.0,0
725,18,89868,No,Eligible,35200,6.65,36
688,37,23708,Yes,Eligible,3400,7.8,12
778,39,28234,No,Eligible,10400,5.52,24
717,65,116949,No,Eligible,49600,7.33,36
636,72,50441,No,Eligible,23200,8.37,24
527,28,44171,No,Not Eligible,0,0.0,0
629,30,56453,No,Eligible,13000,8.86,24
564,76,23769,Yes,Eligible,15500,10.04,24
591,59,40194,No,Not Eligible,0,0.0,0
708,20,49099,Yes,Eligible,16100,7.62,12
816,26,102624,No,Eligible,38200,6.56,24
689,77,17993,Yes,Eligible,7200,8.15,12
530,29,141180,No,Eligible,41200,11.23,36
694,40,45488,Yes,Not Eligible,0,0.0,0
769,31,25176,No,Eligible,8500,6.13,12
589,50,22584,Yes,Eligible,4000,9.75,12
636,35,57750,No,Not Eligible,0,0.0,0
651,66,21843,No,Eligible,3400,8.44,12
571,76,35028,No,Not Eligible,0,0.0,0
714,58,42195,No,Eligible,22100,7.67,24
637,26,97363,Yes,Eligible,31000,8.9,24
691,40,90316,No,Eligible,39300,7.62,36
561,27,33329,No,Not Eligible,0,0.0,0
606,36,43147,No,Eligible,6100,9.0,12
722,78,18821,No,Eligible,8900,7.79,12
612,64,14422,No,Eligible,4100,9.34,24
822,22,23448,No,Eligible,3300,5.63,12
610,64,96168,No,Eligible,35700,9.07,36
672,69,78280,No,Eligible,21800,8.9,24
743,40,61701,No,Eligible,28200,7.06,24
508,47,20443,No,Not Eligible,0,0.0,0
473,42,31984,Yes,Not Eligible,0,0.0,0
497,45,29298,Yes,Not Eligible,0,0.0,0
776,51,44373,Yes,Eligible,23400,6.26,24
594,62,42726,Yes,Not Eligible,0,0.0,0
850,73,26871,No,Not Eligible,0,0.0,0
593,65,60447,No,Eligible,25500,10.53,24
668,64,56239,Yes,Eligible,18300,8.36,12
804,42,31656,No,Eligible,11000,5.6,24
850,27,58839,No,Eligible,21500,4.09,12
850,31,96237,No,Eligible,40200,4.64,36
770,59,115478,No,Eligible,50300,6.29,36
752,74,65801,No,Eligible,17800,7.51,12
709,63,64651,No,Eligible,23600,7.33,24
727,75,42442,Yes,Eligible,15900,8.06,24
594,47,90928,Yes,Eligible,18800,9.08,24
568,72,25791,Yes,Eligible,3200,9.74,24
649,80,84821,Yes,Eligible,24300,9.22,36
632,58,41251,No,Eligible,17000,8.67,12
604,42,119917,No,Eligible,41900,10.02,36
719,31,69767,No,Eligible,15200,6.97,12
745,52,47064,No,Eligible,20200,6.55,24
658,69,42536,Yes,Eligible,16500,8.81,24
797,65,67195,No,Eligible,28400,5.56,24
535,51,65269,No,Not Eligible,0,0.0,0
630,27,38599,Yes,Not Eligible,0,0.0,0
578,52,51797,Yes,Eligible,21400,9.82,12
463,28,83938,No,Not Eligible,0,0.0,0
641,28,21633,No,Eligible,6700,8.2,24
637,38,75775,No,Eligible,23100,9.6,24
801,38,67018,No,Eligible,22700,6.71,24
713,39,99906,No,Not Eligible,0,0.0,0
547,62,31907,Yes,Eligible,10100,10.39,12
835,24,49189,Yes,Eligible,12900,5.18,12
772,72,55439,No,Eligible,23900,6.83,24
708,34,76364,No,Eligible,24700,8.1,36
627,79,63415,No,Eligible,24500,8.78,24
554,19,23301,No,Not Eligible,0,0.0,0
612,29,58374,No,Eligible,14900,9.63,12
758,74,163168,No,Eligible,55000,7.2,36
838,59,70760,No,Eligible,24900,4.42,24
804,35,130983,No,Eligible,46100,5.63,36
601,71,91659,Yes,Eligible,30500,9.44,24
538,76,111017,No,Eligible,37000,10.44,24
664,28,59040,No,Not Eligible,0,0.0,0
473,33,67044,No,Eligible,17200,11.65,24
682,66,57142,Yes,Eligible,21800,8.29,12
635,68,49148,No,Not Eligible,0,0.0,0
603,35,76520,No,Eligible,23800,9.35,36
490,52,35860,No,Not Eligible,0,0.0,0
701,70,151938,No,Eligible,56700,8.74,36
596,76,28090,Yes,Eligible,1000,9.51,12
533,43,79764,No,Not Eligible,0,0.0,0
362,33,112106,No,Not Eligible,0,0.0,0
647,23,44091,No,Not Eligible,0,0.0,0
827,74,25139,Yes,Eligible,14400,5.47,24
816,61,98058,Yes,Eligible,34900,5.77,24
604,60,55383,No,Eligible,25500,9.24,12
589,64,79856,No,Not Eligible,0,0.0,0
696,64,45904,No,Eligible,18000,8.04,24
550,65,138573,Yes,Eligible,38000,10.51,24
680,59,13763,No,Eligible,1000,7.76,12
726,29,61433,No,Not Eligible,0,0.0,0
772,77,109650,Yes,Eligible,44600,6.59,36
639,30,52219,No,Eligible,18800,7.88,24
629,21,58771,No,Eligible,19200,8.89,24
562,56,37782,No,Eligible,5400,10.3,12
567,71,49633,Yes,Eligible,21800,11.01,24
627,19,17977,No,Eligible,6200,9.06,24
686,43,31854,Yes,Not Eligible,0,0.0,0
741,76,30575,Yes,Eligible,11000,7.12,12
569,44,73238,Yes,Not Eligible,0,0.0,0
799,44,34793,No,Not Eligible,0,0.0,0
622,32,35401,Yes,Eligible,13400,9.16,24
647,80,39075,No,Eligible,11800,9.01,24
575,25,31282,Yes,Not Eligible,0,0.0,0
407,24,57607,Yes,Not Eligible,0,0.0,0
738,80,61486,No,Eligible,25300,6.14,24
723,64,80419,Yes,Eligible,19800,7.57,12
621,72,72522,No,Eligible,15500,9.05,12
656,63,68299,Yes,Eligible,26100,9.47,24
701,80,40240,Yes,Eligible,10400,7.88,24
493,57,38721,Yes,Eligible,5200,11.06,12
597,77,29064,No,Eligible,10800,9.05,12
729,29,28751,Yes,Not Eligible,0,0.0,0
524,30,55080,No,Not Eligible,0,0.0,0
679,79,31835,No,Eligible,15000,8.85,24
514,60,118301,No,Eligible,25200,10.5,12
696,34,47930,No,Eligible,9600,7.9,12
646,80,120672,No,Eligible,31200,9.27,24
488,78,69082,No,Eligible,14200,10.91,12
766,34,30750,Yes,Eligible,11700,7.05,24
576,73,47229,Yes,Eligible,11000,9.63,24
568,53,17960,Yes,Not Eligible,0,0.0,0
670,38,54954,Yes,Eligible,20600,8.41,24
764,25,32485,Yes,Eligible,11800,7.1,24
548,22,25132,No,Not Eligible,0,0.0,0
656,43,122184,No,Eligible,33600,8.37,36
692,33,90976,No,Eligible,35400,7.63,24
719,53,89484,Yes,Eligible,30300,7.11,24
667,45,78375,Yes,Eligible,23800,8.72,24
613,71,23366,No,Eligible,10300,9.81,24
567,46,38550,No,Not Eligible,0,0.0,0
658,64,39986,No,Eligible,14100,8.63,24
542,29,17573,No,Not Eligible,0,0.0,0
357,54,35094,No,Not Eligible,0,0.0,0
693,47,35324,No,Eligible,9500,7.79,24
740,40,52870,Yes,Not Eligible,0,0.0,0
413,33,224006,No,Eligible,43700,13.08,24
549,31,48410,No,Not Eligible,0,0.0,0
711,27,52886,Yes,Not Eligible,0,0.0,0
850,24,42187,No,Eligible,13100,4.7,24
652,62,76315,No,Eligible,27600,8.67,24
577,69,25736,No,Eligible,1000,9.34,24
631,77,152912,Yes,Eligible,49800,8.51,48
787,78,45501,No,Eligible,10300,6.16,12
585,54,38672,No,Eligible,6800,9.47,12
570,46,87730,No,Eligible,21000,9.98,24
601,20,28722,Yes,Not Eligible,0,0.0,0
554,32,75474,No,Not Eligible,0,0.0,0
662,53,113902,No,Eligible,48100,8.87,36
812,64,42412,Yes,Eligible,15400,5.3,24
682,63,167997,Yes,Eligible,50700,8.33,36
624,69,72155,No,Not Eligible,0,0.0,0
620,36,72694,No,Eligible,23100,9.06,12
493,30,111248,Yes,Eligible,28100,11.79,24
738,59,130410,No,Eligible,40500,7.04,36
642,38,57360,No,Eligible,14100,9.25,24
631,54,79074,Yes,Eligible,31200,9.32,24
850,44,113301,No,Eligible,38300,4.85,24
679,72,24414,Yes,Eligible,1000,8.76,12
574,69,17366,No,Not Eligible,0,0.0,0
607,46,47356,No,Eligible,5000,9.3,12
764,37,17118,No,Eligible,1700,6.64,24
661,42,40603,Yes,Not Eligible,0,0.0,0
506,23,59196,Yes,Eligible,10000,11.36,12
741,80,41548,No,Eligible,15300,6.91,24
583,53,45028,No,Eligible,14900,10.04,24
837,19,26876,No,Not Eligible,0,0.0,0
758,39,78659,No,Eligible,28300,6.89,24
605,49,25898,No,Eligible,3700,9.65,12
778,33,13880,Yes,Not Eligible,0,0.0,0
656,35,43286,Yes,Not Eligible,0,0.0,0
735,22,84881,Yes,Eligible,31200,6.53,24
698,71,51425,No,Not Eligible,0,0.0,0
565,53,24370,Yes,Not Eligible,0,0.0,0
585,47,52113,Yes,Eligible,7000,10.65,24
752,62,63766,No,Eligible,36500,7.41,36
616,36,51750,Yes,Eligible,20000,8.96,12
609,40,41824,No,Eligible,22200,9.61,12
554,51,65619,Yes,Eligible,23700,10.35,36
692,30,17273,Yes,Eligible,1100,7.99,24
850,60,28670,No,Eligible,14700,4.73,24
543,79,22401,Yes,Not Eligible,0,0.0,0
652,71,110087,No,Eligible,35600,9.53,24
791,46,75148,No,Eligible,22500,5.93,24
642,53,54779,Yes,Eligible,14300,8.48,24
695,39,20529,Yes,Eligible,11500,8.28,12
543,69,76610,No,Eligible,24200,9.98,24
692,69,112636,Yes,Eligible,43700,8.3,36
631,64,69071,Yes,Eligible,15100,9.04,24
748,53,47996,No,Eligible,8000,6.14,12
768,26,71612,No,Eligible,32000,6.42,24
850,56,57742,No,Eligible,28200,4.67,24
707,68,85446,No,Eligible,30700,7.68,36
682,36,84306,No,Eligible,30600,8.08,24
669,55,42931,Yes,Eligible,18600,7.62,24
614,23,32978,No,Eligible,11200,9.12,12
683,69,38565,No,Eligible,15700,8.32,24
620,64,67609,Yes,Eligible,25400,9.56,24
666,32,39988,No,Eligible,12800,8.16,12
781,74,31247,Yes,Eligible,9900,6.48,12
549,37,48992,Yes,Not Eligible,0,0.0,0
763,26,95270,No,Eligible,46400,6.56,24
781,49,53160,No,Eligible,15600,6.49,12
638,21,41534,Yes,Not Eligible,0,0.0,0
437,67,59412,Yes,Not Eligible,0,0.0,0
589,35,51555,No,Not Eligible,0,0.0,0
779,22,15364,No,Not Eligible,0,0.0,0
647,37,74462,No,Not Eligible,0,0.0,0
550,40,62597,No,Eligible,17800,10.29,24
599,79,49498,Yes,Eligible,22700,10.23,12
734,28,92726,Yes,Eligible,31400,6.96,24
704,54,101498,No,Eligible,33900,7.11,24
626,39,79162,No,Eligible,32400,9.41,24
613,75,29431,Yes,Not Eligible,0,0.0,0
610,21,30048,Yes,Eligible,3300,10.52,12
557,46,95836,No,Eligible,31500,9.84,24
811,61,15893,No,Eligible,11700,5.89,12
617,51,44832,No,Eligible,13100,9.43,24
771,30,63824,Yes,Eligible,24300,6.97,24
802,59,17150,No,Eligible,1000,6.14,12
749,26,56421,No,Eligible,16100,6.69,24
606,59,86912,No,Eligible,25300,8.9,24
690,48,20103,No,Eligible,7200,8.08,12
647,24,132574,No,Eligible,40100,8.88,36
559,21,26744,No,Not Eligible,0,0.0,0
682,36,69205,No,Not Eligible,0,0.0,0
532,59,46622,No,Eligible,8200,10.92,12
768,47,51108,No,Not Eligible,0,0.0,0
603,48,22695,No,Not Eligible,0,0.0,0
670,52,104431,No,Eligible,31900,8.74,24
678,74,59607,No,Eligible,15600,8.22,24
624,38,129638,No,Not Eligible,0,0.0,0
708,78,23052,No,Eligible,9100,7.28,12
602,48,43969,No,Eligible,9700,9.15,12
737,36,55587,No,Eligible,23100,6.84,36
515,48,50829,No,Eligible,15400,11.21,12
662,70,73135,No,Eligible,21400,8.76,24
843,49,43636,Yes,Eligible,17000,5.0,24
549,19,175118,No,Eligible,49400,9.64,36
582,76,50206,Yes,Eligible,20100,10.07,12
701,69,10000,Yes,Eligible,6800,7.84,12
667,27,51560,No,Eligible,6400,8.57,12
685,19,104493,Yes,Not Eligible,0,0.0,0
698,19,28170,Yes,Eligible,8200,8.15,12
713,77,27117,Yes,Eligible,18100,8.17,24
760,41,29607,Yes,Eligible,14400,6.65,24
690,34,25696,No,Eligible,10000,7.69,24
625,49,36767,No,Eligible,11200,9.61,12
717,33,84590,No,Eligible,43500,7.87,36
839,33,122491,Yes,Eligible,47100,5.08,36
636,63,11446,Yes,Not Eligible,0,0.0,0
552,56,39062,Yes,Eligible,8400,10.46,12
760,70,58783,No,Eligible,21500,7.27,24
637,48,55359,No,Eligible,17800,9.74,24
432,60,153271,No,Eligible,43000,13.92,36
734,41,14670,No,Eligible,9000,7.14,12
596,18,10368,No,Not Eligible,0,0.0,0
640,28,168944,No,Eligible,53500,9.25,48
683,72,77038,No,Eligible,29500,8.51,24
669,38,34793,Yes,Not Eligible,0,0.0,0
720,21,54336,Yes,Not Eligible,0,0.0,0
606,24,56722,No,Not Eligible,0,0.0,0
701,43,34292,No,Eligible,15700,7.69,12
624,64,53373,No,Eligible,18000,8.78,24
723,67,60650,No,Eligible,22900,6.94,24
711,29,164278,Yes,Eligible,64400,6.81,36
556,48,87384,No,Eligible,26700,10.08,36
758,34,139189,No,Eligible,47900,6.59,36
596,50,21891,Yes,Not Eligible,0,0.0,0
730,28,39802,No,Not Eligible,0,0.0,0
686,45,56689,Yes,Eligible,17600,8.51,36
833,49,15480,Yes,Eligible,10100,4.86,12
627,18,99619,No,Eligible,39600,8.08,24
615,64,72065,No,Eligible,17500,9.54,24
648,45,39328,Yes,Not Eligible,0,0.0,0
619,70,43914,Yes,Eligible,13700,9.17,24
729,59,104018,No,Eligible,33000,6.84,24
488,24,30416,Yes,Not Eligible,0,0.0,0
544,19,106565,No,Eligible,28000,10.35,36
543,59,42141,No,Eligible,7100,10.14,12
745,41,77157,Yes,Eligible,32000,7.75,24
821,21,51640,No,Eligible,20400,5.87,24
639,61,187196,No,Eligible,69600,8.82,60
633,36,28783,No,Eligible,11000,7.72,36
657,43,34753,Yes,Not Eligible,0,0.0,0
766,28,19857,Yes,Eligible,3600,6.52,12
557,57,25385,No,Not Eligible,0,0.0,0
673,67,75197,No,Eligible,36300,7.34,36
747,60,128040,Yes,Eligible,43300,7.65,36
700,28,80490,Yes,Eligible,23000,7.95,24
668,62,48862,No,Eligible,10400,7.71,12
750,20,28676,No,Not Eligible,0,0.0,0
379,29,84040,Yes,Not Eligible,0,0.0,0
717,20,27745,No,Eligible,11700,6.59,24
584,59,21821,Yes,Not Eligible,0,0.0,0
466,44,40738,No,Not Eligible,0,0.0,0
701,66,14467,No,Eligible,3500,7.74,12
787,71,21400,No,Eligible,12200,6.47,12
636,19,151993,Yes,Eligible,42800,9.44,48
745,66,19147,No,Eligible,10200,6.36,24
811,33,24031,Yes,Eligible,16400,5.7,12
781,19,51179,Yes,Not Eligible,0,0.0,0
813,77,52804,No,Eligible,27000,5.05,24
724,71,42583,No,Eligible,8200,7.26,24
657,47,14734,Yes,Eligible,1000,8.72,24
489,37,81559,Yes,Not Eligible,0,0.0,0
625,55,37577,No,Eligible,9000,8.89,24
565,45,101953,No,Eligible,34600,9.68,24
850,42,33293,Yes,Eligible,11700,4.68,24
632,49,88388,No,Eligible,29000,8.03,12
662,78,106686,No,Eligible,35700,7.82,24
705,27,37042,No,Eligible,13400,7.09,24
654,77,83139,No,Eligible,24600,8.99,36
819,59,22089,Yes,Eligible,1700,5.99,12
587,57,57423,No,Not Eligible,0,0.0,0
669,50,102062,No,Eligible,41300,8.41,36
575,30,66909,No,Eligible,17000,9.76,24
517,73,207675,No,Eligible,54800,11.06,36
588,58,69190,No,Eligible,21800,9.68,24
646,71,39373,Yes,Eligible,6900,8.39,12
607,59,269556,Yes,Eligible,89000,9.58,48
580,64,130642,Yes,Eligible,34000,10.01,24
509,54,18737,No,Not Eligible,0,0.0,0
641,71,30622,No,Not Eligible,0,0.0,0
499,33,26294,No,Eligible,1400,11.7,12
726,62,72213,Yes,Eligible,32900,6.98,24
658,39,69057,No,Eligible,23400,8.29,36
504,74,68738,No,Eligible,20100,11.53,24
619,37,18435,No,Not Eligible,0,0.0,0
574,67,33427,Yes,Eligible,14000,10.48,12
681,60,44820,Yes,Not Eligible,0,0.0,0
784,44,16429,No,Eligible,1000,5.57,12
462,58,29053,No,Not Eligible,0,0.0,0
661,33,110620,Yes,Not Eligible,0,0.0,0
633,51,19294,No,Not Eligible,0,0.0,0
717,49,117378,Yes,Eligible,39900,7.26,36
671,43,94342,No,Eligible,35600,8.86,36
574,42,41173,No,Not Eligible,0,0.0,0
618,19,33212,Yes,Not Eligible,0,0.0,0
570,29,80748,No,Not Eligible,0,0.0,0
757,57,30557,Yes,Not Eligible,0,0.0,0
652,26,31482,Yes,Not Eligible,0,0.0,0
840,29,48323,No,Eligible,19900,5.57,12
643,43,13654,Yes,Eligible,7900,7.85,12
579,26,20537,Yes,Eligible,5400,10.16,24
498,27,40562,Yes,Not Eligible,0,0.0,0
469,49,65213,Yes,Not Eligible,0,0.0,0
491,74,30304,Yes,Eligible,8900,10.89,12
676,51,43539,Yes,Eligible,13900,8.63,12
700,65,18618,No,Not Eligible,0,0.0,0
491,37,85775,Yes,Eligible,24600,11.69,24
739,56,55940,No,Not Eligible,0,0.0,0
601,77,58990,Yes,Eligible,18000,10.09,12
664,19,65706,Yes,Eligible,17100,8.29,12
811,18,51373,Yes,Eligible,19800,5.35,12
739,68,36670,No,Eligible,9900,7.72,12
623,77,96547,No,Eligible,32300,8.99,36
560,53,53859,No,Not Eligible,0,0.0,0
434,41,44381,Yes,Not Eligible,0,0.0,0
578,71,48766,No,Not Eligible,0,0.0,0
628,44,48147,Yes,Not Eligible,0,0.0,0
551,19,44114,Yes,Not Eligible,0,0.0,0
636,48,64065,No,Not Eligible,0,0.0,0
657,74,27958,Yes,Eligible,10000,8.67,12
627,31,29211,No,Not Eligible,0,0.0,0
584,19,68566,Yes,Eligible,30300,10.65,24
666,46,44929,No,Eligible,13000,8.78,24
694,32,87801,No,Eligible,26500,8.06,24
540,29,62650,No,Not Eligible,0,0.0,0
791,54,35186,Yes,Eligible,17500,6.3,12
640,45,69220,Yes,Eligible,29300,8.44,24
651,37,100540,No,Eligible,32000,9.05,24
720,78,64099,Yes,Eligible,22800,7.28,24
673,56,73082,No,Not Eligible,0,0.0,0
745,41,44220,No,Eligible,12400,6.69,12
678,38,88949,Yes,Eligible,32000,7.94,24
588,27,34599,No,Not Eligible,0,0.0,0
686,63,60061,No,Eligible,31500,7.37,24
535,31,229051,Yes,Eligible,69500,10.56,60
660,54,67732,Yes,Eligible,31800,9.23,24
646,35,38084,No,Eligible,1200,9.07,24
629,41,38025,Yes,Eligible,21600,9.42,24
637,31,46966,No,Not Eligible,0,0.0,0
461,51,81694,Yes,Eligible,14800,12.21,24
595,75,53501,No,Not Eligible,0,0.0,0
659,29,33219,Yes,Eligible,12100,8.27,12
665,39,33183,No,Eligible,10900,7.95,24
547,73,53703,No,Not Eligible,0,0.0,0
776,23,50283,Yes,Not Eligible,0,0.0,0
563,53,64407,Yes,Eligible,25100,11.26,24
746,62,85007,No,Eligible,26100,6.44,24
692,53,251806,No,Eligible,92400,8.48,48
585,39,20389,Yes,Eligible,6000,10.43,12
827,31,74021,No,Eligible,40700,5.73,36
530,80,51999,Yes,Not Eligible,0,0.0,0
741,33,16207,Yes,Not Eligible,0,0.0,0
750,78,103747,No,Eligible,37500,6.88,24
582,53,63114,No,Not Eligible,0,0.0,0
789,73,79212,Yes,Eligible,31700,6.4,24
624,42,17682,No,Eligible,4000,8.2,12
678,49,42948,Yes,Eligible,18100,8.07,24
676,50,25654,No,Eligible,1900,8.59,24
636,62,179487,No,Eligible,56100,8.7,36
731,53,97414,No,Eligible,28900,8.14,24
729,37,32578,No,Eligible,6100,7.26,12
475,35,19497,Yes,Eligible,8100,12.08,12
780,55,55074,No,Eligible,26200,7.05,24
483,20,94414,No,Eligible,13500,11.74,12
753,40,17308,Yes,Eligible,15600,7.53,24
762,49,28027,No,Not Eligible,0,0.0,0
540,62,25251,Yes,Not Eligible,0,0.0,0
608,76,82468,No,Eligible,29800,8.96,24
539,33,39265,Yes,Eligible,8900,11.21,36
628,76,40265,Yes,Eligible,12300,8.73,12
619,22,54436,Yes,Eligible,20200,9.11,12
727,21,28941,No,Not Eligible,0,0.0,0
781,38,20615,No,Eligible,4800,6.07,12
789,57,111503,Yes,Eligible,39200,6.28,24
593,68,117888,Yes,Eligible,33500,9.65,24
629,31,54597,Yes,Eligible,23100,9.01,36
481,56,57027,No,Eligible,5800,11.63,24
569,48,104465,No,Not Eligible,0,0.0,0
746,31,53851,Yes,Eligible,27300,7.16,24
811,23,38122,Yes,Eligible,18200,6.03,24
526,29,50191,No,Not Eligible,0,0.0,0
590,33,113085,Yes,Not Eligible,0,0.0,0
647,34,50614,Yes,Eligible,10600,9.15,12
678,62,32806,Yes,Eligible,11300,8.0,24
569,40,53540,No,Not Eligible,0,0.0,0
692,31,72673,No,Not Eligible,0,0.0,0
602,78,67626,No,Not Eligible,0,0.0,0
648,24,68302,Yes,Not Eligible,0,0.0,0
704,63,29851,No,Eligible,18800,7.35,36
650,49,77812,Yes,Eligible,19900,8.25,24
606,32,49865,No,Not Eligible,0,0.0,0
639,61,31981,No,Eligible,12700,8.17,24
641,34,77442,No,Eligible,28400,8.93,24
612,58,37339,Yes,Eligible,9600,9.22,24
624,71,19061,Yes,Eligible,1000,9.81,12
809,64,26893,No,Eligible,11900,6.14,24
706,61,43959,No,Not Eligible,0,0.0,0
620,51,69354,Yes,Not Eligible,0,0.0,0
719,22,29189,No,Eligible,4600,7.37,12
616,62,42429,No,Eligible,14900,8.97,36
767,44,23624,No,Eligible,12800,6.96,12
686,69,88363,No,Not Eligible,0,0.0,0
639,40,137365,Yes,Not Eligible,0,0.0,0
694,57,128742,Yes,Eligible,45400,8.33,36
492,76,87464,Yes,Eligible,27800,10.92,24
537,31,82248,No,Not Eligible,0,0.0,0
530,32,14141,Yes,Not Eligible,0,0.0,0
664,60,54518,No,Eligible,9800,8.31,24
823,50,36400,Yes,Eligible,9400,3.94,24
850,70,83139,Yes,Eligible,34500,5.17,24
713,48,10694,No,Not Eligible,0,0.0,0
700,52,55038,Yes,Not Eligible,0,0.0,0
469,34,43102,Yes,Not Eligible,0,0.0,0
595,45,95899,No,Eligible,29500,9.3,24
571,36,124093,Yes,Eligible,40500,9.97,36
587,63,28076,Yes,Eligible,8200,9.73,12
633,71,28847,Yes,Not Eligible,0,0.0,0
602,79,56291,No,Eligible,12500,9.61,12
452,40,138726,No,Not Eligible,0,0.0,0
724,49,50822,No,Eligible,30600,7.77,24
542,57,22754,Yes,Eligible,6900,11.21,12
673,30,34080,Yes,Eligible,10100,7.61,12
850,76,55359,No,Eligible,27800,5.44,24
558,37,56620,No,Eligible,21700,9.84,24
396,52,32130,Yes,Not Eligible,0,0.0,0
621,22,33675,Yes,Eligible,9100,8.79,12
760,26,27202,No,Eligible,15700,6.81,24
845,46,97217,No,Eligible,39300,5.86,24
527,23,29706,Yes,Not Eligible,0,0.0,0
699,80,37090,Yes,Eligible,8700,7.28,24
603,42,36462,Yes,Not Eligible,0,0.0,0
639,48,18702,Yes,Eligible,6500,9.22,12
850,39,29200,No,Eligible,5500,5.66,12
499,19,102424,No,Eligible,26000,11.6,36
675,62,23728,No,Not Eligible,0,0.0,0
696,22,27496,Yes,Eligible,1700,7.82,24
758,77,22036,Yes,Not Eligible,0,0.0,0
659,44,46426,Yes,Eligible,12300,8.43,12
680,42,151946,Yes,Eligible,48700,7.63,24
610,25,45269,No,Not Eligible,0,0.0,0
676,72,51024,Yes,Eligible,11800,9.1,12
615,18,30416,Yes,Not Eligible,0,0.0,0
712,37,47241,Yes,Eligible,25600,6.42,24
613,61,102480,No,Eligible,33900,9.89,36
687,40,53409,No,Eligible,23100,8.25,24
647,49,176144,No,Eligible,65300,8.36,48
762,28,104368,Yes,Eligible,39400,5.62,24
644,56,46546,No,Eligible,14000,8.69,24
472,64,46006,Yes,Not Eligible,0,0.0,0
776,71,130425,Yes,Eligible,46700,5.79,36
559,41,53230,No,Not Eligible,0,0.0,0
584,28,114159,Yes,Eligible,30500,10.44,24
590,46,163038,No,Eligible,57500,9.96,36
787,71,43367,Yes,Eligible,21800,5.46,24
436,43,60546,No,Not Eligible,0,0.0,0
850,33,88256,No,Eligible,34700,5.36,36
755,52,77691,No,Eligible,23200,7.06,24
672,37,77365,No,Eligible,32500,7.89,24
644,63,22024,No,Not Eligible,0,0.0,0
678,20,29464,Yes,Eligible,13800,7.76,12
702,18,36418,No,Not Eligible,0,0.0,0
714,80,101585,No,Eligible,37100,7.23,24
705,75,23359,Yes,Eligible,18100,7.3,12
658,70,122263,No,Eligible,37000,8.42,24
630,64,78268,No,Eligible,23500,9.02,12
634,18,97981,No,Eligible,39700,9.47,36
630,34,28065,Yes,Not Eligible,0,0.0,0
763,19,51194,No,Eligible,18200,7.19,24
709,46,58651,Yes,Eligible,19100,7.19,12
355,37,57124,Yes,Not Eligible,0,0.0,0
715,23,58535,No,Eligible,19300,7.79,36
669,25,41526,Yes,Eligible,12100,8.56,12
648,46,53163,No,Eligible,20600,8.62,24
611,65,91138,Yes,Eligible,29000,10.38,24
762,68,24345,Yes,Eligible,3900,6.58,12
744,50,124023,Yes,Eligible,44900,7.68,36
572,20,88356,No,Eligible,33300,9.77,36
690,77,27470,No,Eligible,13200,8.27,24
552,52,61716,Yes,Not Eligible,0,0.0,0
512,22,84195,Yes,Not Eligible,0,0.0,0
587,44,23361,Yes,Not Eligible,0,0.0,0
736,61,50271,No,Eligible,14700,6.72,12
745,29,46765,Yes,Eligible,10700,7.12,24
701,37,33277,No,Eligible,7400,8.66,24
722,62,51813,No,Eligible,18900,6.86,12
701,37,34194,No,Not Eligible,0,0.0,0
585,26,111813,No,Not Eligible,0,0.0,0
693,56,33658,No,Eligible,10700,7.79,12
730,21,78840,Yes,Eligible,22900,7.49,24
725,68,18156,No,Eligible,9900,7.12,12
768,71,44485,No,Eligible,21200,7.28,24
720,36,49384,Yes,Not Eligible,0,0.0,0
685,55,43626,No,Eligible,9500,7.34,12
757,44,38646,Yes,Eligible,18100,6.85,12
647,62,32842,Yes,Not Eligible,0,0.0,0
561,60,77089,Yes,Eligible,30300,10.53,24
633,30,89292,No,Eligible,26400,9.08,24
575,30,46662,No,Eligible,16100,9.85,24
582,77,25387,No,Eligible,5000,9.82,12
635,74,143827,Yes,Eligible,41600,8.91,24
570,39,28915,No,Not Eligible,0,0.0,0
619,45,20421,Yes,Eligible,9200,9.43,12
460,69,14653,No,Not Eligible,0,0.0,0
671,64,52034,Yes,Eligible,11300,7.88,12
650,70,43025,Yes,Eligible,15500,8.75,24
568,62,90996,Yes,Eligible,29600,10.3,36
715,39,70731,No,Eligible,20600,7.86,24
743,60,58344,No,Eligible,28500,6.95,36
489,36,41655,No,Eligible,9900,11.83,24
573,25,95414,No,Eligible,30800,9.46,24
573,69,150306,No,Eligible,42200,9.53,36
556,25,89804,No,Not Eligible,0,0.0,0
732,59,37118,No,Eligible,17800,7.03,24
630,43,78349,Yes,Not Eligible,0,0.0,0
623,65,38512,Yes,Not Eligible,0,0.0,0
449,68,25259,No,Eligible,5000,11.65,12
713,43,28583,No,Eligible,11700,8.84,12
526,40,39540,Yes,Eligible,17400,9.8,24
655,60,52175,No,Eligible,13700,8.57,24
677,30,168779,No,Eligible,59600,7.59,36
786,45,28882,Yes,Eligible,11800,6.62,12
519,26,108455,No,Not Eligible,0,0.0,0
348,37,40523,No,Not Eligible,0,0.0,0
668,73,14620,No,Eligible,4800,8.69,12
830,36,36190,Yes,Eligible,17500,4.83,12
773,65,99311,No,Eligible,38500,6.04,24
670,56,60282,No,Eligible,12900,8.1,12
600,68,62484,No,Eligible,25500,9.51,24
730,29,108782,No,Eligible,47000,7.08,36
552,32,26322,Yes,Eligible,7100,10.78,24
697,48,26080,No,Not Eligible,0,0.0,0
700,72,12603,Yes,Eligible,1000,7.42,24
756,31,82971,No,Eligible,23900,6.25,12
850,28,68699,No,Eligible,22400,4.59,24
689,43,75688,No,Eligible,27000,8.09,36
599,59,24105,No,Eligible,1000,9.47,12
647,44,18721,No,Not Eligible,0,0.0,0
473,28,22208,Yes,Not Eligible,0,0.0,0
580,55,28182,No,Not Eligible,0,0.0,0
609,51,124539,Yes,Eligible,36100,8.48,36
597,60,89328,No,Eligible,22300,8.93,36
665,36,37237,Yes,Eligible,10900,7.8,24
567,23,58662,No,Eligible,15600,9.88,24
762,63,32629,No,Eligible,8600,5.86,24
650,69,60996,No,Eligible,19100,8.06,12
649,55,24763,Yes,Eligible,11200,8.99,24
617,66,76891,No,Eligible,31100,8.81,24
665,59,29442,No,Eligible,8300,8.34,12
732,45,79502,No,Not Eligible,0,0.0,0
563,18,37931,No,Not Eligible,0,0.0,0
584,52,30514,No,Not Eligible,0,0.0,0
619,57,129029,No,Eligible,40000,9.38,24
515,25,54511,Yes,Not Eligible,0,0.0,0
568,76,40404,No,Eligible,16700,10.33,12
602,69,77258,No,Eligible,32600,10.03,24
737,71,21938,No,Eligible,3900,5.98,24
676,64,95236,Yes,Eligible,38400,8.12,36
669,73,45086,No,Eligible,7700,8.32,12
735,24,70296,No,Eligible,26100,7.03,36
636,28,19366,Yes,Eligible,7500,8.95,12
689,56,38969,No,Eligible,5800,7.72,12
639,78,49155,Yes,Not Eligible,0,0.0,0
676,21,90960,Yes,Eligible,26000,7.9,24
591,42,73736,No,Not Eligible,0,0.0,0
406,29,38735,No,Eligible,1000,13.79,12
636,43,59323,Yes,Eligible,18000,9.54,24
792,55,104186,No,Eligible,39000,6.13,36
742,63,43477,No,Eligible,15200,6.65,12
746,29,40728,No,Eligible,18500,6.07,24
773,60,15774,No,Eligible,1000,6.33,12
658,68,41462,No,Eligible,11700,8.74,24
669,70,17261,No,Not Eligible,0,0.0,0
588,54,45770,Yes,Not Eligible,0,0.0,0
618,63,88688,No,Eligible,32400,9.04,24
711,70,13742,No,Eligible,1000,6.67,12
770,41,102798,No,Eligible,37100,6.51,24
636,33,40209,Yes,Eligible,1400,9.11,12
604,74,48228,No,Eligible,17900,9.55,12
650,30,36262,Yes,Eligible,18800,9.44,24
710,42,17536,No,Eligible,1000,7.38,12
505,78,30644,Yes,Eligible,2600,11.07,12
420,71,172550,No,Eligible,41800,13.9,24
594,71,25396,No,Eligible,8500,9.03,12
527,74,18899,No,Eligible,2600,10.56,24
599,69,53357,Yes,Eligible,12300,9.74,24
635,71,46561,Yes,Not Eligible,0,0.0,0
604,21,40376,Yes,Eligible,12200,9.94,12
795,28,49447,Yes,Not Eligible,0,0.0,0
682,49,72151,No,Not Eligible,0,0.0,0
680,66,34465,Yes,Eligible,10900,8.32,24
712,24,55085,No,Not Eligible,0,0.0,0
536,63,90610,Yes,Eligible,30200,10.34,36
753,75,26979,No,Eligible,9500,6.8,12
642,28,12169,No,Eligible,1700,9.86,24
717,45,73312,Yes,Eligible,27000,7.52,24
542,71,220086,No,Eligible,59100,11.67,24
494,58,48804,Yes,Not Eligible,0,0.0,0
731,40,55334,Yes,Eligible,20200,6.53,12
687,62,41048,No,Eligible,10500,8.67,12
559,40,127113,No,Eligible,29100,9.82,24
563,67,46786,No,Not Eligible,0,0.0,0
762,45,43829,No,Eligible,18300,6.74,12
531,60,84670,No,Eligible,23800,10.79,36
814,64,36659,No,Eligible,13800,6.1,12
559,74,22678,No,Eligible,1000,10.54,12
713,43,83231,No,Eligible,29000,7.43,24
617,42,34374,Yes,Eligible,8800,10.09,24
710,71,27302,Yes,Eligible,6500,7.31,12
595,46,172823,No,Eligible,52700,9.14,36
633,36,44039,No,Eligible,15600,9.18,24
654,50,65942,Yes,Eligible,30400,8.55,24
549,53,49897,No,Not Eligible,0,0.0,0
724,31,28802,Yes,Not Eligible,0,0.0,0
598,31,74136,No,Eligible,28300,9.49,36
627,52,59204,Yes,Not Eligible,0,0.0,0
550,47,33003,No,Eligible,7900,10.59,24
393,45,63571,No,Not Eligible,0,0.0,0
630,34,36005,Yes,Not Eligible,0,0.0,0
850,20,25268,No,Eligible,7900,4.96,24
728,33,23779,No,Not Eligible,0,0.0,0
648,63,57643,Yes,Eligible,19900,8.12,24
623,47,38962,Yes,Eligible,14500,8.63,24
652,69,120695,Yes,Eligible,33000,9.13,36
704,46,47773,No,Eligible,15000,7.04,24
531,62,30603,No,Eligible,7100,10.74,12
761,32,53889,Yes,Eligible,12400,6.78,12
721,63,22548,No,Eligible,4100,8.05,12
721,73,46607,Yes,Eligible,20800,7.1,24
693,42,59367,No,Eligible,24600,8.23,24
651,68,55127,Yes,Eligible,9900,8.56,12
717,55,107117,No,Eligible,40000,6.33,24
709,59,232933,No,Eligible,73800,7.59,36
614,76,73338,No,Eligible,21000,9.26,24
592,64,99436,No,Eligible,29900,9.9,24
660,70,225500,No,Eligible,78300,8.13,60
804,71,26802,Yes,Eligible,9300,5.57,12
526,69,53017,No,Eligible,9800,11.49,24
503,75,36798,No,Not Eligible,0,0.0,0
666,55,81275,No,Eligible,27900,7.39,24
655,40,57697,No,Not Eligible,0,0.0,0
667,42,29999,No,Not Eligible,0,0.0,0
674,59,49343,No,Eligible,21400,8.63,24
627,24,91872,Yes,Eligible,31400,8.75,24
798,39,22421,No,Eligible,16400,5.95,24
489,34,30381,No,Not Eligible,0,0.0,0
567,35,27767,No,Not Eligible,0,0.0,0
639,66,59625,No,Eligible,20100,9.09,12
485,58,103188,No,Not Eligible,0,0.0,0
632,27,14678,Yes,Eligible,1000,8.6,12
816,27,51877,No,Eligible,20300,4.47,24
652,74,28154,No,Eligible,15800,9.13,24
673,24,89611,No,Eligible,30300,7.75,36
523,65,42523,Yes,Not Eligible,0,0.0,0
588,78,53018,Yes,Eligible,25900,10.17,24
612,67,48981,Yes,Eligible,16800,9.34,24
618,55,96233,No,Eligible,32600,9.57,36
778,44,167573,No,Eligible,66300,7.54,48
705,69,24814,Yes,Not Eligible,0,0.0,0
538,50,27680,No,Eligible,1000,10.31,12
674,18,59450,No,Eligible,20700,7.48,24
699,61,30036,No,Not Eligible,0,0.0,0
764,70,85832,Yes,Eligible,36900,6.6,24
808,77,94510,No,Eligible,37900,5.07,36
548,51,35314,Yes,Not Eligible,0,0.0,0
568,21,31004,No,Not Eligible,0,0.0,0
524,34,41569,Yes,Eligible,16700,10.92,24
626,21,52177,No,Eligible,5100,10.17,24
696,60,59213,No,Eligible,14700,8.31,12
748,71,12686,Yes,Eligible,7700,6.36,12
642,43,27433,Yes,Not Eligible,0,0.0,0
618,21,38466,No,Eligible,10100,9.35,12
665,18,30388,No,Eligible,10600,9.31,24
566,24,10000,No,Not Eligible,0,0.0,0
850,47,15787,Yes,Eligible,1000,5.24,12
489,67,22399,Yes,Not Eligible,0,0.0,0
668,26,45744,No,Eligible,21800,7.71,12
850,78,37732,Yes,Eligible,12500,4.74,24
650,52,33558,No,Eligible,7500,8.74,12
630,25,79055,Yes,Eligible,24700,8.31,24
614,78,79037,No,Eligible,21200,9.52,12
631,41,53634,Yes,Not Eligible,0,0.0,0
787,36,52684,Yes,Eligible,22200,5.95,24
428,53,29319,No,Not Eligible,0,0.0,0
803,67,31501,No,Not Eligible,0,0.0,0
507,69,17595,Yes,Not Eligible,0,0.0,0
623,76,42173,Yes,Eligible,14400,9.2,24
607,60,78546,Yes,Eligible,28800,8.89,24
708,44,110480,No,Eligible,33100,8.02,24
490,49,42324,No,Not Eligible,0,0.0,0
696,31,65841,Yes,Eligible,18000,8.29,12
850,74,10000,No,Eligible,7500,5.95,12
513,35,37806,No,Not Eligible,0,0.0,0
668,45,37278,No,Eligible,10200,7.33,12
583,77,119934,No,Eligible,42000,9.53,24
692,46,62053,Yes,Not Eligible,0,0.0,0
651,33,65943,Yes,Eligible,11800,8.58,24
585,52,63920,Yes,Eligible,22400,9.12,24
698,64,50375,No,Eligible,18200,6.92,24
830,76,122936,No,Eligible,51500,6.07,24
630,76,12293,No,Not Eligible,0,0.0,0
721,48,53515,Yes,Not Eligible,0,0.0,0
520,21,96556,No,Not Eligible,0,0.0,0
554,54,15758,Yes,Not Eligible,0,0.0,0
697,34,81044,Yes,Eligible,24200,8.3,24
798,56,31048,No,Eligible,10200,6.32,24
685,65,52359,Yes,Eligible,21900,8.26,12
618,63,30692,Yes,Eligible,19900,9.65,24
649,43,87159,No,Eligible,32200,9.63,12
524,65,41232,Yes,Eligible,15900,10.44,24
710,56,81428,Yes,Not Eligible,0,0.0,0
738,58,63652,Yes,Eligible,18400,7.01,24
604,21,30446,No,Not Eligible,0,0.0,0
602,47,66245,No,Not Eligible,0,0.0,0
676,47,32920,Yes,Eligible,5200,8.37,12
606,39,50943,No,Not Eligible,0,0.0,0
643,28,40783,Yes,Eligible,20800,9.1,24
850,19,84115,No,Eligible,34200,5.01,36
625,61,67791,No,Eligible,26900,8.88,24
614,29,48125,No,Eligible,21100,9.33,12
585,47,32486,No,Eligible,4600,9.49,24
724,53,22893,No,Eligible,1000,6.97,12
631,35,53177,No,Eligible,14500,9.17,12
585,43,33544,No,Eligible,10600,9.58,12
782,70,15886,No,Not Eligible,0,0.0,0
791,80,22070,Yes,Eligible,15400,6.15,12
589,24,130030,Yes,Eligible,49400,10.43,36
463,78,32991,Yes,Not Eligible,0,0.0,0
750,18,93835,Yes,Eligible,29200,6.21,24
581,80,39577,No,Eligible,14300,9.84,12
729,75,103130,No,Eligible,31700,7.67,24
452,43,98745,No,Eligible,30900,11.99,24
739,40,29869,Yes,Eligible,9500,6.97,12
528,43,14871,Yes,Not Eligible,0,0.0,0
723,62,15646,No,Eligible,10000,7.12,24
651,23,30176,Yes,Eligible,12500,8.24,12
554,23,152326,Yes,Not Eligible,0,0.0,0
609,61,38317,No,Eligible,12800,8.73,12
718,25,53484,No,Eligible,16300,7.21,12
660,41,107151,No,Eligible,24900,8.51,36
708,39,52375,No,Eligible,6800,7.85,24
847,36,51304,No,Eligible,23700,5.47,24
493,54,71224,No,Eligible,18300,11.98,24
811,35,58301,No,Eligible,18400,5.56,24
660,48,46180,Yes,Eligible,9700,8.93,12
560,79,31797,No,Eligible,13000,10.53,12
516,54,51384,Yes,Eligible,9300,11.43,24
631,47,94526,Yes,Not Eligible,0,0.0,0
742,74,142800,No,Eligible,63200,7.3,48
637,59,58417,No,Eligible,14300,8.8,12
801,50,77118,No,Eligible,32800,5.91,24
504,27,57632,No,Not Eligible,0,0.0,0
648,54,46518,No,Not Eligible,0,0.0,0
524,29,66739,No,Not Eligible,0,0.0,0
686,71,100067,No,Eligible,33400,8.58,24
738,47,28801,Yes,Eligible,4600,7.75,12
607,44,20520,Yes,Not Eligible,0,0.0,0
389,56,35603,No,Eligible,7000,13.11,24
669,26,55658,Yes,Eligible,12900,9.14,24
693,71,82613,No,Eligible,27800,7.69,12
690,38,27073,No,Eligible,11500,8.25,36
773,29,11013,No,Not Eligible,0,0.0,0
542,72,36110,No,Eligible,1000,10.42,12
718,46,43636,No,Eligible,15900,7.67,12
769,50,24407,Yes,Eligible,2900,7.41,12
472,60,31143,Yes,Eligible,4200,12.0,12
681,79,82484,Yes,Eligible,30200,9.06,24
599,70,51373,No,Eligible,12900,9.47,24
641,32,60317,Yes,Not Eligible,0,0.0,0
684,19,39600,No,Eligible,20700,7.41,36
601,69,31180,No,Eligible,7800,9.25,24
582,56,39429,Yes,Eligible,22000,9.76,24
653,70,66126,Yes,Eligible,25400,8.42,24
541,61,20034,No,Eligible,1100,10.14,12
541,71,131939,No,Eligible,35500,10.24,36
717,35,69211,No,Eligible,18000,7.27,12
535,20,35542,No,Not Eligible,0,0.0,0
716,24,79861,No,Eligible,34600,6.69,24
696,60,102069,No,Eligible,33300,6.76,24
477,35,40207,No,Not Eligible,0,0.0,0
582,61,43047,No,Eligible,14800,9.45,12
769,55,120100,Yes,Eligible,40100,6.79,24
551,54,174797,No,Eligible,47300,10.26,36
603,75,49894,Yes,Eligible,17000,9.31,24
696,50,24466,Yes,Eligible,14500,7.6,24
728,61,36961,Yes,Eligible,16800,6.28,36
624,76,91108,No,Eligible,31100,9.54,36
590,48,26419,Yes,Eligible,7200,10.38,12
792,75,43262,Yes,Eligible,9700,5.89,24
823,28,58428,No,Eligible,24500,5.53,24
747,21,28180,No,Eligible,13800,6.93,24
658,76,94642,No,Eligible,28200,7.96,12
569,35,74338,No,Eligible,20300,9.89,24
566,21,163689,No,Eligible,54100,11.06,36
702,66,78344,No,Eligible,25100,7.69,24
691,51,27541,Yes,Not Eligible,0,0.0,0
790,46,67387,No,Eligible,25000,5.74,24
715,41,88682,No,Eligible,34400,7.24,24
499,39,91462,No,Eligible,26300,11.7,12
755,19,30757,No,Eligible,12300,6.31,12
550,61,28629,No,Eligible,15900,11.26,24
611,80,24741,No,Not Eligible,0,0.0,0
675,23,128391,Yes,Eligible,38400,7.87,36
849,59,71234,No,Eligible,33500,4.28,36
850,42,29949,No,Eligible,13100,5.66,12
710,72,52908,No,Eligible,15500,7.53,24
631,74,45514,No,Eligible,12700,8.84,24
703,38,27349,Yes,Not Eligible,0,0.0,0
738,72,50096,Yes,Eligible,19100,7.74,24
617,76,54963,Yes,Not Eligible,0,0.0,0
829,33,156178,No,Eligible,64600,5.95,48
673,48,33076,No,Not Eligible,0,0.0,0
699,31,17577,Yes,Eligible,1000,7.26,12
716,56,26124,Yes,Eligible,14600,7.55,36
692,45,28693,No,Eligible,21100,7.52,24
733,49,37943,Yes,Eligible,15700,7.47,24
588,45,26162,No,Eligible,6500,9.56,24
594,68,80279,Yes,Eligible,19800,9.61,24
539,72,25093,No,Eligible,8500,9.53,12
693,66,49613,Yes,Eligible,20100,7.79,24
727,26,162773,No,Eligible,57800,7.12,36
695,75,68332,No,Eligible,27900,8.4,36
817,62,64244,Yes,Eligible,32400,6.04,36
649,39,149401,No,Not Eligible,0,0.0,0
716,49,103506,No,Eligible,37800,6.62,24
540,22,68807,No,Not Eligible,0,0.0,0
611,40,40682,No,Not Eligible,0,0.0,0
719,22,48357,Yes,Not Eligible,0,0.0,0
734,59,46967,No,Eligible,16500,6.58,24
620,70,38528,No,Eligible,4100,9.76,12
642,49,55671,No,Not Eligible,0,0.0,0
498,76,60503,No,Not Eligible,0,0.0,0
614,27,23230,Yes,Not Eligible,0,0.0,0
739,76,130512,No,Eligible,49500,7.08,36
707,56,62685,No,Eligible,17600,6.98,24
700,75,41870,Yes,Eligible,18800,7.26,12
654,32,55977,No,Eligible,19900,8.21,24
650,24,85666,No,Eligible,28900,9.03,36
583,46,20332,Yes,Not Eligible,0,0.0,0
719,76,46026,Yes,Eligible,10700,7.19,12
692,64,24064,No,Not Eligible,0,0.0,0
699,20,241397,Yes,Eligible,81100,7.37,48
597,36,53258,Yes,Not Eligible,0,0.0,0
434,27,24181,No,Not Eligible,0,0.0,0
759,45,300000,Yes,Eligible,100000,6.54,60
602,46,35539,No,Not Eligible,0,0.0,0
563,32,43241,No,Not Eligible,0,0.0,0
719,52,45157,No,Eligible,22900,7.88,24
610,23,29472,No,Not Eligible,0,0.0,0
755,29,56863,No,Eligible,26400,6.62,24
711,64,13011,Yes,Eligible,1000,7.04,12
718,55,94045,No,Eligible,38200,7.69,36
513,30,24917,No,Eligible,1000,11.4,12
771,46,38208,Yes,Eligible,19500,6.17,24
676,36,76950,No,Eligible,32300,7.95,36
613,20,43361,No,Not Eligible,0,0.0,0
664,25,44438,No,Eligible,23500,7.81,24
472,25,26708,No,Not Eligible,0,0.0,0
690,72,172368,No,Eligible,48900,7.09,24
547,75,67432,No,Not Eligible,0,0.0,0
514,37,25599,No,Not Eligible,0,0.0,0
497,64,54551,Yes,Eligible,18400,11.1,24
761,21,24536,Yes,Eligible,9500,6.84,12
587,68,137784,No,Eligible,46500,9.92,36
803,38,55258,No,Not Eligible,0,0.0,0
596,20,27300,Yes,Not Eligible,0,0.0,0
479,62,74500,Yes,Not Eligible,0,0.0,0
538,25,41487,Yes,Eligible,12500,10.09,12
773,40,22630,No,Eligible,13400,5.82,36
634,33,61612,No,Not Eligible,0,0.0,0
595,30,60579,No,Eligible,19700,9.68,24
666,20,97016,No,Eligible,37200,8.49,36
700,65,50955,No,Eligible,23000,8.36,24
761,26,52273,No,Eligible,28200,6.06,12
794,77,53964,Yes,Eligible,26300,6.86,36
614,31,127665,Yes,Not Eligible,0,0.0,0
517,30,40698,No,Not Eligible,0,0.0,0
608,70,64969,Yes,Eligible,21400,8.78,36
676,74,70972,No,Eligible,22400,8.53,12
553,24,60467,No,Eligible,21900,9.66,24
554,32,39785,No,Not Eligible,0,0.0,0
684,24,52699,No,Eligible,19300,8.09,12
645,55,46342,No,Eligible,14100,8.66,24
653,51,158819,Yes,Eligible,50900,9.13,36
574,58,37247,No,Eligible,9100,10.06,12
626,39,28352,No,Eligible,15300,8.7,24
557,41,48838,Yes,Not Eligible,0,0.0,0
739,66,46816,Yes,Eligible,22500,8.63,12
753,54,55166,No,Eligible,14800,6.33,24
465,61,37254,No,Not Eligible,0,0.0,0
557,18,52377,No,Eligible,14000,10.53,24
500,27,52985,No,Not Eligible,0,0.0,0
584,60,84422,No,Not Eligible,0,0.0,0
641,33,51834,Yes,Eligible,18700,8.67,12
505,63,52129,No,Not Eligible,0,0.0,0
557,25,66823,No,Eligible,17200,10.41,12
549,73,82503,Yes,Eligible,28200,10.47,24
670,66,27167,No,Not Eligible,0,0.0,0
656,42,23123,No,Eligible,8000,8.81,24
577,67,135576,Yes,Eligible,39600,9.76,24
667,29,74790,No,Not Eligible,0,0.0,0
595,42,42974,No,Not Eligible,0,0.0,0
622,34,49603,No,Not Eligible,0,0.0,0
817,77,38733,Yes,Eligible,11900,5.35,24
784,43,55646,No,Not Eligible,0,0.0,0
520,63,27361,Yes,Eligible,7500,11.3,12
732,65,81153,Yes,Eligible,29300,7.04,24
731,31,54462,No,Not Eligible,0,0.0,0
535,58,55657,No,Eligible,23100,10.76,24
731,53,28670,No,Eligible,12300,6.56,12
803,74,67141,No,Eligible,29400,5.64,24
537,40,29068,Yes,Eligible,12100,11.02,12
558,60,32361,No,Eligible,10000,10.01,12
751,23,51666,No,Eligible,19800,6.79,24
677,64,220664,No,Eligible,70000,8.63,48
705,22,54332,No,Eligible,22100,8.2,24
684,60,10495,No,Not Eligible,0,0.0,0
689,42,33339,No,Eligible,8100,7.8,24
517,35,73882,No,Eligible,27100,11.1,12
754,79,24907,No,Eligible,2400,7.42,12
766,30,80713,No,Eligible,38400,5.98,36
627,60,53921,Yes,Not Eligible,0,0.0,0
645,31,88858,Yes,Eligible,27800,8.75,36
496,45,35055,No,Eligible,18400,10.99,24
701,35,33454,Yes,Not Eligible,0,0.0,0
707,76,68802,No,Eligible,28900,8.1,36
643,77,48799,Yes,Eligible,15900,9.53,12
762,80,47060,Yes,Eligible,8200,7.19,12
616,74,125665,No,Eligible,36400,9.26,36
706,45,70437,No,Eligible,23600,7.93,12
548,68,14854,No,Not Eligible,0,0.0,0
647,73,79176,No,Eligible,23400,8.24,24
632,44,74561,No,Eligible,22500,8.31,12
672,49,99802,Yes,Eligible,36100,8.42,24
613,64,27894,Yes,Not Eligible,0,0.0,0
636,26,59568,No,Eligible,18700,8.72,24
732,57,52416,No,Eligible,17200,7.1,12
606,49,27595,No,Not Eligible,0,0.0,0
489,37,86513,No,Not Eligible,0,0.0,0
824,45,42407,Yes,Eligible,10600,5.79,12
788,50,97893,Yes,Eligible,34900,6.55,24
520,21,31391,No,Not Eligible,0,0.0,0
718,63,20407,No,Eligible,6400,6.71,24
599,74,42381,Yes,Eligible,10500,9.42,24
676,51,56339,Yes,Not Eligible,0,0.0,0
679,65,35577,Yes,Eligible,11200,8.26,12
626,20,10000,No,Not Eligible,0,0.0,0
571,43,61709,No,Not Eligible,0,0.0,0
580,25,61536,No,Eligible,17600,9.47,12
558,23,74035,No,Not Eligible,0,0.0,0
566,33,39015,No,Not Eligible,0,0.0,0
643,41,37758,No,Eligible,20800,9.18,12
578,65,116330,Yes,Eligible,35800,10.01,24
718,56,19048,Yes,Eligible,1000,6.7,12
798,47,42265,Yes,Eligible,17700,6.11,24
591,62,53390,No,Eligible,22800,9.91,36
673,30,70517,No,Not Eligible,0,0.0,0
699,22,54277,No,Eligible,13500,7.92,12
697,42,28192,No,Not Eligible,0,0.0,0
657,37,98771,Yes,Eligible,32100,7.77,24
724,71,49076,No,Eligible,23400,6.73,24
698,35,18019,No,Eligible,5300,6.68,12
526,64,55575,No,Not Eligible,0,0.0,0
736,35,65196,Yes,Eligible,31000,6.57,24
738,19,158966,No,Eligible,52700,7.61,36
573,27,62645,No,Eligible,22400,9.86,24
653,72,20146,No,Eligible,4600,8.22,24
718,62,20575,No,Eligible,1000,6.6,12
629,67,104320,No,Eligible,35700,8.8,36
757,64,30282,Yes,Eligible,14000,7.37,12
850,80,19346,Yes,Eligible,1000,5.77,24
571,29,89349,Yes,Not Eligible,0,0.0,0
511,64,36848,Yes,Eligible,7000,11.13,12
680,30,86526,No,Eligible,33300,8.44,24
722,67,28315,No,Eligible,2200,6.81,24
626,64,118692,No,Eligible,38300,9.26,36
795,74,82721,Yes,Eligible,19700,7.18,12
516,72,31773,No,Not Eligible,0,0.0,0
719,28,18101,Yes,Not Eligible,0,0.0,0
589,36,195457,Yes,Eligible,57000,10.42,48
821,52,43212,No,Eligible,23900,5.98,24
849,56,31019,No,Eligible,1000,4.89,12
573,70,112621,No,Eligible,33600,9.45,24
595,43,86461,Yes,Not Eligible,0,0.0,0
735,63,99675,No,Eligible,36300,6.61,36
611,31,46207,Yes,Eligible,21200,9.2,12
645,71,151544,Yes,Eligible,47000,8.29,24
652,62,22328,No,Eligible,6400,8.41,12
458,61,35198,Yes,Not Eligible,0,0.0,0
648,41,61940,Yes,Eligible,24600,8.33,12
581,58,98801,No,Eligible,41800,10.09,36
600,18,72889,No,Not Eligible,0,0.0,0
794,68,46643,No,Eligible,18700,6.24,36
524,60,36861,No,Not Eligible,0,0.0,0
731,72,99121,Yes,Eligible,34300,7.23,48
622,39,77546,Yes,Eligible,29900,10.12,24
622,40,29006,Yes,Eligible,9100,8.79,12
729,73,28493,No,Eligible,6100,8.0,12
684,71,35337,No,Not Eligible,0,0.0,0
